-1.2660515931213254,-0.512532057184207,-0.2963915674319065,-0.13722896843542823,-0.9518791621353645,-0.71826103993167,-0.34501979699563656,-0.30369336305953215,-0.48811023194949693,-1.3603307065163506,-0.7301640727667361,-1.0638470357251857,-0.11986577271963955,-0.39276249842606453,2.5597704038729265,-0.08396087669108951,-0.5493002029491533,-0.0933164737197648,-1.3836507338234132,0.5621989735940333,-1.0797080463283317,1
-0.5763574872149573,-0.512532057184207,-0.44170754962870495,-0.13722923124162714,-0.9518791621353645,-0.7225648962081981,-0.35330671753804277,-0.30369336305953215,-0.5007551388762974,-1.3644644374718726,0.8606016612255766,-1.0638470357251857,-0.4767346482632857,-0.39276249842606453,49.83643407137478,-0.476139303219454,-0.5492873805615497,-0.0933164737197648,-1.3782259469973919,0.5621989735940333,-1.0797080463283317,1
-0.5763574872149573,-0.5355404594664451,-0.2874157583587954,-0.13722752346479997,-0.9518791621353645,-0.7222130146608032,-0.35257132316482986,-0.30369336305953215,-0.49266951403924963,-1.365449195327729,0.8606016612255766,-1.0638470357251857,-0.4767346482632857,-0.39276249842606453,24.54891629573425,-0.020263106777246857,-0.5493126322097942,-0.0933164737197648,-1.3773046312917385,0.5621989735940333,-1.0797080463283317,1
-0.5763574872149573,-0.512532057184207,-0.26887309629341305,-0.13722922986898528,-0.9518791621353645,-0.7185861965758352,-0.35144488534943297,-0.30369336305953215,-0.5012769061728599,-1.3645558806662288,0.8606016612255766,-1.0638470357251857,-0.4767346482632857,-0.39276249842606453,23.449459001141186,0.30072369455329334,-0.5493047671826596,-0.0933164737197648,-1.3842720741060164,0.5621989735940333,-1.0797080463283317,1
-1.2660515931213254,-0.5114364189802909,-0.44154072934909594,-0.13722768292026719,-0.9518791621353645,-0.7229391366343547,-0.353200010949854,-0.30369336305953215,-0.49740141702795193,-1.3635957031654022,0.8606016612255766,-1.0638470357251857,-0.11986577271963955,-0.39276249842606453,54.23426324974705,-0.43242514739622867,-0.5492898717800859,-0.0933164737197648,-1.3802931696669873,0.5621989735940333,-1.0797080463283317,1
-1.2660515931213254,-0.5355404594664451,-0.3541552038857341,-0.13722861035982048,-0.9518791621353645,-0.7209120734713305,-0.347048690864237,-0.30369336305953215,-0.5105551021630046,-1.3620404735236342,0.8606016612255766,-1.0638470357251857,-0.4767346482632857,-0.39276249842606453,23.449459001141186,0.11462628833441987,-0.5492898346500533,-0.0933164737197648,-1.3805556024069081,0.5621989735940333,-1.0797080463283317,1
-1.2660515931213254,-0.512532057184207,-0.2762538236932219,-0.13722805561928259,-0.9518791621353645,-0.7214246999923857,-0.35069224532129945,-0.30369336305953215,-0.4881803429864936,-1.3637338452313392,-0.7301640727667361,-1.0638470357251857,0.2370031028240066,-0.39276249842606453,23.449459001141186,-0.1788830436215217,-0.5492863067089648,-0.0933164737197648,-1.3815279602961124,0.5621989735940333,-1.0797080463283317,1
-1.2660515931213254,-0.5355404594664451,-0.3797271320258328,-0.137229253977513,-0.9518791621353645,-0.7181168841693499,-0.3439855358495682,-0.30369336305953215,-0.4883861325797195,-1.3660492920649865,-0.7301640727667361,-0.6652052228273616,0.2370031028240066,-0.39276249842606453,53.13480595515398,-0.34874376339176877,-0.5493099075646392,-0.0933164737197648,-1.3799743426888393,0.5621989735940333,-1.0797080463283317,1
-0.5763574872149573,-0.512532057184207,-0.2926580798099438,-0.13722837910096078,-0.9518791621353645,-0.7202918875836337,-0.3441275940768669,-0.30369336305953215,-0.5134999773488149,-1.361810960292676,0.8606016612255766,-0.6652052228273616,-0.11986577271963955,-0.39276249842606453,0.3608558146867934,-0.38995996745366696,-0.5493052256946774,-0.0933164737197648,-1.3805468269624996,0.5621989735940333,-1.0797080463283317,1
-0.5763574872149573,-0.512532057184207,-0.3435118179417119,-0.13722909383795176,-0.9518791621353645,-0.7207700921402447,-0.3514991442721974,-0.30369336305953215,-0.4938273188480438,-1.3615742486039073,0.8606016612255766,-1.0638470357251857,-0.11986577271963955,-0.39276249842606453,27.847288179513452,-0.05148750379383644,-0.5492999619028065,-0.0933164737197648,-1.3782576625617353,0.5621989735940333,-1.0797080463283317,1
-0.5763574872149573,-0.5426621077918997,-0.3597170704998184,-0.13722742286047385,-0.9518791621353645,-0.7200700905206306,-0.3472303003821822,-0.30369336305953215,-0.49709861483999096,-1.36342584161881,-0.7301640727667361,-1.0638470357251857,-0.4767346482632857,-0.39276249842606453,9.156514171431324,0.08589984307915752,-0.5492967723868647,-0.0933164737197648,-1.3832895634157678,0.5621989735940333,-1.0797080463283317,1
-0.5763574872149573,-0.512532057184207,-0.3977764699894791,-0.13722898310612108,-0.9518791621353645,-0.7221682805755444,-0.3468108301669476,-0.30369336305953215,-0.5125799180425682,-1.3615703188378732,0.8606016612255766,-1.0638470357251857,-0.4767346482632857,-0.39276249842606453,13.55434334980359,0.31321345335992923,-0.549286905775723,-0.0933164737197648,-1.3771680858902118,0.5621989735940333,-1.0797080463283317,1
-0.5763574872149573,-0.512532057184207,-0.35728371034034123,-0.13722926089544368,-0.9518791621353645,-0.7190782684805376,-0.3488496217693405,-0.30369336305953215,-0.5146312866754573,-1.3643276125544126,0.8606016612255766,-0.6652052228273616,-0.4767346482632857,-0.39276249842606453,39.941318420037184,-0.37497225688570396,-0.5492864142050115,-0.0933164737197648,-1.3801231777269727,0.5621989735940333,-1.0797080463283317,1
-1.2660515931213254,-0.5355404594664451,-0.4228143045838137,-0.13722852022506232,-0.9518791621353645,-0.7227473734212132,-0.3500552790354389,-0.30369336305953215,-0.4960072711060002,-1.3635003998354251,0.8606016612255766,-1.0638470357251857,-0.11986577271963955,-0.39276249842606453,24.54891629573425,0.3032216463146206,-0.5492990626653809,-0.0933164737197648,-1.3769976460579643,0.5621989735940333,-1.0797080463283317,1
-1.2660515931213254,-0.5355404594664451,-0.3559568921263453,-0.13722805354676101,-0.9518791621353645,-0.7222769738735987,-0.35065494052103163,-0.30369336305953215,-0.4926647552013565,-1.3598508112115495,-0.7301640727667361,-1.0638470357251857,-0.11986577271963955,-0.39276249842606453,6.957599582245193,0.3831561026770897,-0.5492987166529839,-0.0933164737197648,-1.3813766728882109,0.5621989735940333,-1.0797080463283317,1
-0.5763574872149573,-0.512532057184207,-0.32076850848464894,-0.13722924928094005,-0.9518791621353645,-0.7218246483005185,-0.35074351578875984,-0.30369336305953215,-0.5115274005458522,-1.3630913779727891,-0.7301640727667361,-0.6652052228273616,0.5938719783676527,-0.39276249842606453,38.84186112544412,-0.3887109915730033,-0.5493056002567988,-0.0933164737197648,-1.3794398754980337,0.5621989735940333,-1.0797080463283317,1
-0.5763574872149573,-0.512532057184207,-0.3595883782470791,-0.13722787386492427,-0.9518791621353645,-0.7191016942874078,-0.3508193650237893,-0.30369336305953215,-0.515594304386363,-1.3617825434691009,0.8606016612255766,-1.0638470357251857,-0.4767346482632857,-0.39276249842606453,-0.738601479906273,-0.02276105853857402,-0.5492990623825433,-0.0933164737197648,-1.3856639324396856,0.5621989735940333,-1.0797080463283317,1
-1.2660515931213254,-0.512532057184207,-0.397169357407453,-0.13722865021393083,-0.9518791621353645,-0.7179600459221587,-0.35321230790174635,-0.30369336305953215,-0.5106177383862901,-1.361868018872999,-0.7301640727667361,-1.0638470357251857,-0.11986577271963955,-0.39276249842606453,46.538062187595585,0.09339369836313895,-0.5492905086579601,-0.0933164737197648,-1.3805231880699647,0.5621989735940333,-1.0797080463283317,1
-1.2660515931213254,-0.5388273740781935,-0.3310965843510556,-0.13722920644968511,-0.9518791621353645,-0.7204841674623309,-0.353017584191263,-0.30369336305953215,-0.4935885397365057,-1.361625061746011,-0.7301640727667361,-1.0638470357251857,-0.11986577271963955,-0.39276249842606453,10.255971466024391,0.20954845526485197,-0.5492928614171583,-0.0933164737197648,-1.383114642425559,0.5621989735940333,-1.0797080463283317,1
-0.5763574872149573,-0.5355404594664451,-0.39015654955893114,-0.13722860860265537,-0.9518791621353645,-0.7219322445297038,-0.3480558004856969,-0.30369336305953215,-0.4942363665790233,-1.3616328642454314,0.8606016612255766,-1.0638470357251857,0.2370031028240066,-0.39276249842606453,42.140233009223316,-0.3562376186757502,-0.5493019171006013,-0.0933164737197648,-1.3787096042288982,0.5621989735940333,-1.0797080463283317,1
-1.2660515931213254,-0.512532057184207,-0.29901822498637515,-0.13722880824883557,-0.9518791621353645,-0.7206541460443484,-0.34639815302201404,-0.30369336305953215,-0.4899460369083105,-1.3603199309579725,-0.7301640727667361,-1.0638470357251857,-0.11986577271963955,-0.39276249842606453,46.538062187595585,-0.16139738129223152,-0.5492860694373805,-0.0933164737197648,-1.3807635158456815,0.5621989735940333,-1.0797080463283317,1
-0.5763574872149573,-0.512532057184207,-0.23658366823394988,-0.13722883878596795,-0.9518791621353645,-0.7216151941650852,-0.34406813933833985,-0.30369336305953215,-0.498354597485746,-1.3663801625753629,-0.7301640727667361,-0.6652052228273616,0.5938719783676527,-0.39276249842606453,56.43317783893318,-0.03150388970321913,-0.5493136518133166,-0.0933164737197648,-1.3814436605648293,0.5621989735940333,-1.0797080463283317,1
-1.2660515931213254,-0.512532057184207,-0.4303716818908835,-0.13722758166426285,-0.9518791621353645,-0.718916771519328,-0.3498282678164779,-0.30369336305953215,-0.49176269037267284,-1.3598977052902363,-0.7301640727667361,-0.6652052228273616,-0.11986577271963955,-0.39276249842606453,-0.738601479906273,-0.12517708075298767,-0.5492879294820309,-0.0933164737197648,-1.382046844010733,0.5621989735940333,-1.0797080463283317,1
-1.2660515931213254,-0.512532057184207,-0.33492874971189923,-0.137227535483356,-0.9518791621353645,-0.7208657136859196,-0.35276620579551465,-0.30369336305953215,-0.49096698814845185,-1.3621743108275366,-0.7301640727667361,-0.6652052228273616,-0.4767346482632857,-0.39276249842606453,23.449459001141186,-0.3887109915730033,-0.5492999209417535,-0.0933164737197648,-1.3861771871579276,0.5621989735940333,-1.0797080463283317,1
-1.2660515931213254,-0.512532057184207,-0.3491927039668606,-0.13722831919812342,-0.9518791621353645,-0.7213789029119767,-0.3471326698655826,-0.30369336305953215,-0.5000175593362389,-1.3633596753646355,0.8606016612255766,-1.0638470357251857,-0.4767346482632857,-0.39276249842606453,19.05162982276892,-0.04149569674852779,-0.5493143446787967,-0.0933164737197648,-1.3802189867872352,0.5621989735940333,-1.0797080463283317,1
-0.5763574872149573,-0.512532057184207,-0.3428361726821093,-0.13722905874617455,-0.9518791621353645,-0.7203645629288026,-0.34442012454239673,-0.30369336305953215,-0.494220001943036,-1.3627201184503777,0.8606016612255766,-1.0638470357251857,-0.4767346482632857,-0.39276249842606453,54.23426324974705,-0.45615568912883675,-0.5492874119020518,-0.0933164737197648,-1.3805351799749646,0.5621989735940333,-1.0797080463283317,1
-1.2660515931213254,-0.512532057184207,-0.3891153364660077,-0.13722834837674236,-0.9518791621353645,-0.7223742445741576,-0.35224321142669435,-0.30369336305953215,-0.5020719109552669,-1.3627221836374483,0.8606016612255766,-1.0638470357251857,0.5938719783676527,-0.39276249842606453,20.151087117361985,-0.11393629782701548,-0.5492954099812498,-0.0933164737197648,-1.3840204671354281,0.5621989735940333,-1.0797080463283317,1
-0.5763574872149573,-0.512532057184207,-0.3705073221771354,-0.13722848171431407,-0.9518791621353645,-0.7207353555093569,-0.3442325522467277,-0.30369336305953215,-0.4901529354607422,-1.360397164510237,0.8606016612255766,-0.6652052228273616,-0.11986577271963955,-0.39276249842606453,22.35000170654812,0.2857359839853304,-0.5492917866629438,-0.0933164737197648,-1.3817344429559064,0.5621989735940333,-1.0797080463283317,1
-0.5763574872149573,-0.512532057184207,-0.36822749950686084,-0.1372274702397904,-0.9518791621353645,-0.7206551097382654,-0.35131184874647053,-0.30369336305953215,-0.4973372720745742,-1.3621204112020342,0.8606016612255766,-0.6652052228273616,-0.4767346482632857,-0.39276249842606453,55.33372054434012,-0.053985455555163604,-0.549286744400397,-0.0933164737197648,-1.3784965917253578,0.5621989735940333,-1.0797080463283317,1
-0.5763574872149573,-0.5426621077918997,-0.43716731829205263,-0.1372282941740249,-0.9518791621353645,-0.7183264708037583,-0.3529516818446344,-0.30369336305953215,-0.4888395206138081,-1.3614355752556533,-0.7301640727667361,-1.0638470357251857,0.5938719783676527,-0.39276249842606453,20.151087117361985,0.10213652952778413,-0.54930179027049,-0.0933164737197648,-1.3833424072310114,0.5621989735940333,-1.0797080463283317,1
-0.5763574872149573,-0.5355404594664451,-0.3326710018189732,-0.13722926637404453,-0.9518791621353645,-0.7198601762708119,-0.3522840811809004,-0.30369336305953215,-0.5118641918881064,-1.3619246720458493,-0.7301640727667361,-1.0638470357251857,0.2370031028240066,-0.39276249842606453,49.83643407137478,-0.34624581163044155,-0.549300396809079,-0.0933164737197648,-1.3765582070426998,0.5621989735940333,-1.0797080463283317,1
-0.5763574872149573,-0.512532057184207,-0.2707666343045399,-0.13722807076107404,-0.9518791621353645,-0.7223521221198091,-0.3505744587703237,-0.30369336305953215,-0.5110186590384713,-1.3599442935646766,-0.7301640727667361,-1.0638470357251857,0.2370031028240066,-0.39276249842606453,31.14566006329265,0.25576056284940457,-0.549309212618209,-0.0933164737197648,-1.381345149820828,0.5621989735940333,-1.0797080463283317,1
-1.2660515931213254,-0.512532057184207,-0.3564056426988673,-0.1372281996199401,-0.9518791621353645,-0.7206935138704661,-0.3481795641312727,-0.30369336305953215,-0.5009372075287059,-1.365987548239952,-0.7301640727667361,-1.0638470357251857,-0.4767346482632857,-0.39276249842606453,52.03534866056091,0.27449520105935826,-0.5493015169006905,-0.0933164737197648,-1.3817557452949782,0.5621989735940333,-1.0797080463283317,1
-1.2660515931213254,-0.5114364189802909,-0.39746357772798746,-0.13722748682073257,-0.9518791621353645,-0.718585189196288,-0.3438372309794127,-0.30369336305953215,-0.5026539909634115,-1.3603387021803666,0.8606016612255766,-1.0638470357251857,-0.4767346482632857,-0.39276249842606453,38.84186112544412,0.3681683921091267,-0.5492909039088139,-0.0933164737197648,-1.383301273602285,0.5621989735940333,-1.0797080463283317,1
-0.5763574872149573,-0.512532057184207,-0.3123588081233151,-0.13722736423176643,-0.9518791621353645,-0.720836791665438,-0.3465716754022859,-0.30369336305953215,-0.4895865092858169,-1.3604555089982235,-0.7301640727667361,-1.0638470357251857,0.2370031028240066,-0.39276249842606453,5.858142287652126,-0.02775696206122835,-0.5492891769579377,-0.0933164737197648,-1.3835713248989872,0.5621989735940333,-1.0797080463283317,1
-0.5763574872149573,-0.512532057184207,-0.4229267601323838,-0.13722812572293455,-0.9518791621353645,-0.7216939485048308,-0.34953092330705304,-0.30369336305953215,-0.5058833142829375,-1.3638283376949656,0.8606016612255766,-1.0638470357251857,-0.4767346482632857,-0.39276249842606453,23.449459001141186,0.050928518420577225,-0.5492899303742845,-0.0933164737197648,-1.3807714460279528,0.5621989735940333,-1.0797080463283317,1
-0.5763574872149573,-0.5388273740781935,-0.3024241227547675,-0.13722738168877818,-0.9518791621353645,-0.72221635182343,-0.3436129181581425,-0.30369336305953215,-0.5098114341335013,-1.3653055825416016,0.8606016612255766,-0.6652052228273616,-0.4767346482632857,-0.39276249842606453,20.151087117361985,-0.47364135145812686,-0.5493022093421089,-0.0933164737197648,-1.3782520221835266,0.5621989735940333,-1.0797080463283317,1
-1.2660515931213254,-0.5426621077918997,-0.2601085059622041,-0.13722865237229906,-0.9518791621353645,-0.7200188125055565,-0.34985995781098705,-0.30369336305953215,-0.5086364947915644,-1.3605073332343844,-0.7301640727667361,-1.0638470357251857,-0.4767346482632857,-0.39276249842606453,36.64294653625799,0.4555967037555774,-0.5493115041049469,-0.0933164737197648,-1.3803384113507835,0.5621989735940333,-1.0797080463283317,1
-1.2660515931213254,-0.5355404594664451,-0.3173453748688947,-0.137228572997852,-0.9518791621353645,-0.7219295093122744,-0.3532935583853384,-0.30369336305953215,-0.4930639636889989,-1.366302494221982,0.8606016612255766,-0.6652052228273616,-0.4767346482632857,-0.39276249842606453,24.54891629573425,-0.16139738129223152,-0.5492871789039934,-0.0933164737197648,-1.3833592277768345,0.5621989735940333,-1.0797080463283317,1
-0.5763574872149573,-0.5355404594664451,-0.23889300588233153,-0.1372276456497459,-0.9518791621353645,-0.7202254930653007,-0.3485218830289548,-0.30369336305953215,-0.5092205756861193,-1.3617119051212545,0.8606016612255766,-1.0638470357251857,-0.4767346482632857,-0.39276249842606453,27.847288179513452,-0.3387519563464601,-0.5492907559535176,-0.0933164737197648,-1.3805549268004789,0.5621989735940333,-1.0797080463283317,1
-0.5763574872149573,-0.512532057184207,-0.4266673483596896,-0.1372290339339969,-0.9518791621353645,-0.720484790627625,-0.3524820811388998,-0.30369336305953215,-0.5140104001652809,-1.3631743052558516,-0.7301640727667361,-1.0638470357251857,-0.4767346482632857,-0.39276249842606453,38.84186112544412,0.1246180953797284,-0.5493147943264909,-0.0933164737197648,-1.380138355264147,0.5621989735940333,-1.0797080463283317,1
-0.5763574872149573,-0.5355404594664451,-0.4268588985982809,-0.13722798923654003,-0.9518791621353645,-0.7218753288992561,-0.3520074317592422,-0.30369336305953215,-0.5111563329140467,-1.3631478080801993,-0.7301640727667361,-1.0638470357251857,-0.4767346482632857,-0.39276249842606453,17.952172528175854,0.2894829116273212,-0.549286685283628,-0.0933164737197648,-1.3859700707673346,0.5621989735940333,-1.0797080463283317,1
-0.5763574872149573,-0.512532057184207,-0.3873780752897489,-0.13722858568174162,-0.9518791621353645,-0.7180629535051306,-0.3476977621753514,-0.30369336305953215,-0.511164552865395,-1.3654382391374076,-0.7301640727667361,-1.0638470357251857,-0.4767346482632857,-0.39276249842606453,47.63751948218865,-0.30128267992655267,-0.5492964658432117,-0.0933164737197648,-1.3784654468528652,0.5621989735940333,-1.0797080463283317,1
-1.2660515931213254,-0.512532057184207,-0.34793321368039787,-0.13722753011661384,-0.9518791621353645,-0.7211460483789662,-0.34635077218247196,-0.30369336305953215,-0.49710487845536067,-1.3622398546437997,0.8606016612255766,-1.0638470357251857,-0.4767346482632857,-0.39276249842606453,17.952172528175854,-0.03525081734520984,-0.5493034225676204,-0.0933164737197648,-1.385847499833349,0.5621989735940333,-1.0797080463283317,1
-1.2660515931213254,-0.512532057184207,-0.34899499104287957,-0.1372291118800845,-0.9518791621353645,-0.7214312794499226,-0.3443632968931672,-0.30369336305953215,-0.4874426560716828,-1.3642390044364694,-0.7301640727667361,-1.0638470357251857,-0.4767346482632857,-0.39276249842606453,0.3608558146867934,-0.47489032733879044,-0.549293054137243,-0.0933164737197648,-1.3835500914861836,0.5621989735940333,-1.0797080463283317,1
-1.2660515931213254,-0.5388273740781935,-0.3583396242513922,-0.1372283128404982,-0.9518791621353645,-0.7193572232237239,-0.3511882372191425,-0.30369336305953215,-0.5135323884213124,-1.362252943382911,0.8606016612255766,-1.0638470357251857,-0.11986577271963955,-0.39276249842606453,47.63751948218865,-0.5385880972526331,-0.5492939199164791,-0.0933164737197648,-1.37827320142231,0.5621989735940333,-1.0797080463283317,1
-0.5763574872149573,-0.512532057184207,-0.2780649433236695,-0.1372274739112258,-0.9518791621353645,-0.7201819129993362,-0.35254954104954606,-0.30369336305953215,-0.49655020825008855,-1.3605723904910836,-0.7301640727667361,-0.6652052228273616,-0.4767346482632857,-0.39276249842606453,31.14566006329265,-0.33125810106247855,-0.5492933668429812,-0.0933164737197648,-1.383886912269771,0.5621989735940333,-1.0797080463283317,1
-1.2660515931213254,-0.512532057184207,-0.3872802219855897,-0.13722794103910005,-0.9518791621353645,-0.722319525906027,-0.3473192079538083,-0.30369336305953215,-0.5051128233722317,-1.3631294282932729,0.8606016612255766,-1.0638470357251857,0.2370031028240066,-0.39276249842606453,27.847288179513452,-0.50611472435538,-0.5492970067138732,-0.0933164737197648,-1.3779096466206586,0.5621989735940333,-1.0797080463283317,1
-0.5763574872149573,-0.5426621077918997,-0.25295528541017914,-0.1372285834587277,-0.9518791621353645,-0.7212113380816945,-0.34533407491121054,-0.30369336305953215,-0.49659695415126404,-1.3643412018525087,0.8606016612255766,-1.0638470357251857,0.5938719783676527,-0.39276249842606453,15.753257938989723,-0.49362496554874413,-0.5493016062967293,-0.0933164737197648,-1.3811176071186733,0.5621989735940333,-1.0797080463283317,1
-1.2660515931213254,-0.5355404594664451,-0.39389313404446846,-0.1372279657352377,-0.9518791621353645,-0.7191625875686692,-0.3499271011231764,-0.30369336305953215,-0.5114252489940745,-1.3612526254428803,0.8606016612255766,-0.6652052228273616,0.5938719783676527,-0.39276249842606453,23.449459001141186,0.053426470181904384,-0.5493102098032997,-0.0933164737197648,-1.3785588533867557,0.5621989735940333,-1.0797080463283317,1
-0.5763574872149573,-0.512532057184207,-0.2585187808922037,-0.13722787382081536,-0.9518791621353645,-0.7201456223434781,-0.3482278660806855,-0.30369336305953215,-0.4912326716430136,-1.3640889602100215,-0.7301640727667361,-1.0638470357251857,0.2370031028240066,-0.39276249842606453,36.64294653625799,0.0009694831940340064,-0.549311618855257,-0.0933164737197648,-1.3812264505373713,0.5621989735940333,-1.0797080463283317,1
-1.2660515931213254,-0.5355404594664451,-0.40078022943409514,-0.1372283827122606,-0.9518791621353645,-0.7226154453627084,-0.3449062457676435,-0.30369336305953215,-0.48776847003997714,-1.3649062649440618,0.8606016612255766,-1.0638470357251857,-0.4767346482632857,-0.39276249842606453,12.454886055210524,-0.46614749617414536,-0.5492975773468323,-0.0933164737197648,-1.380113231433161,0.5621989735940333,-1.0797080463283317,1
-0.5763574872149573,-0.5388273740781935,-0.3385748873997473,-0.13722741315342005,-0.9518791621353645,-0.7227850529952681,-0.34812905864785976,-0.30369336305953215,-0.5001290370567917,-1.3628523913935031,0.8606016612255766,-1.0638470357251857,-0.4767346482632857,-0.39276249842606453,38.84186112544412,-0.5285962902073245,-0.5492997754961512,-0.0933164737197648,-1.3770627447920802,0.5621989735940333,-1.0797080463283317,1
-0.5763574872149573,-0.5355404594664451,-0.4262983808443364,-0.13722836463777197,-0.9518791621353645,-0.7191304563616341,-0.3501644092292901,-0.30369336305953215,-0.4915142792378479,-1.3639942325492656,-0.7301640727667361,-0.6652052228273616,-0.11986577271963955,-0.39276249842606453,12.454886055210524,-0.006524372089947486,-0.549288714912873,-0.0933164737197648,-1.385682904321145,0.5621989735940333,-1.0797080463283317,1
-0.5763574872149573,-0.512532057184207,-0.36187133577661545,-0.1372279677215827,-0.9518791621353645,-0.7186141287303512,-0.35040551596491165,-0.30369336305953215,-0.5063956406596125,-1.363335515492587,0.8606016612255766,-1.0638470357251857,-0.4767346482632857,-0.39276249842606453,16.85271523358279,-0.38246611216968546,-0.5492919541431218,-0.0933164737197648,-1.3803238186127227,0.5621989735940333,-1.0797080463283317,1
-1.2660515931213254,-0.512532057184207,-0.3686693171568931,-0.1372275424592218,-0.9518791621353645,-0.7186116608229746,-0.35004576299014284,-0.30369336305953215,-0.4883643963947437,-1.361104164264809,0.8606016612255766,-0.6652052228273616,0.2370031028240066,-0.39276249842606453,-1.8380587744993393,-0.4124415333056114,-0.5493070272565459,-0.0933164737197648,-1.3805854764910297,0.5621989735940333,-1.0797080463283317,1
-0.5763574872149573,-0.512532057184207,-0.33996546674991035,-0.13722792677540513,-0.9518791621353645,-0.7222609090149595,-0.3458293094319247,-0.30369336305953215,-0.4989749844214911,-1.361317989778682,0.8606016612255766,-1.0638470357251857,-0.11986577271963955,-0.39276249842606453,0.3608558146867934,0.1583404441576452,-0.5493010584251189,-0.0933164737197648,-1.385077586886348,0.5621989735940333,-1.0797080463283317,1
-0.5763574872149573,-0.512532057184207,-0.44304138234838314,-0.13722898081018173,-0.9518791621353645,-0.7187453286612526,-0.35279945596730267,-0.30369336305953215,-0.4920727438010432,-1.363843122663575,-0.7301640727667361,-1.0638470357251857,0.2370031028240066,-0.39276249842606453,20.151087117361985,0.10838140893110193,-0.5493045698000657,-0.0933164737197648,-1.3826186672022853,0.5621989735940333,-1.0797080463283317,1
-0.5763574872149573,-0.5426621077918997,-0.28729901460263285,-0.13722926687931816,-0.9518791621353645,-0.7199216736067665,-0.3512661300905132,-0.30369336305953215,-0.5054907847832489,-1.3664054595191237,0.8606016612255766,-1.0638470357251857,-0.11986577271963955,-0.39276249842606453,-0.738601479906273,-0.2987847281652255,-0.5492895305621985,-0.0933164737197648,-1.3848363670312005,0.5621989735940333,-1.0797080463283317,1
-0.5763574872149573,-0.5355404594664451,-0.29590365922108236,-0.1372280691792845,-0.9518791621353645,-0.7210579250119652,-0.3471921593900942,-0.30369336305953215,-0.49254788428985297,-1.3624649315695698,0.8606016612255766,-1.0638470357251857,0.2370031028240066,-0.39276249842606453,37.74240383085105,0.3244542362859014,-0.5493131362617594,-0.0933164737197648,-1.3844532047550742,0.5621989735940333,-1.0797080463283317,1
-0.5763574872149573,-0.5355404594664451,-0.36525336888403337,-0.13722770902187845,-0.9518791621353645,-0.7190765245056091,-0.344702307528728,-0.30369336305953215,-0.5045876810290282,-1.3632106102511925,-0.7301640727667361,-1.0638470357251857,0.2370031028240066,-0.39276249842606453,1.4603131092798598,-0.3962048468569848,-0.5492992070182321,-0.0933164737197648,-1.3768281868816823,0.5621989735940333,-1.0797080463283317,1
-1.2660515931213254,-0.5355404594664451,-0.3889572653027355,-0.13722840142367568,-0.9518791621353645,-0.7186987700469323,-0.346965581167519,-0.30369336305953215,-0.49990088353642104,-1.362318666275246,-0.7301640727667361,-1.0638470357251857,-0.4767346482632857,-0.39276249842606453,43.23969030381638,0.4143804996936793,-0.5493133908237392,-0.0933164737197648,-1.3838067264469318,0.5621989735940333,-1.0797080463283317,1
-1.2660515931213254,-0.512532057184207,-0.2898451750677737,-0.1372275242206877,-0.9518791621353645,-0.7203937574973219,-0.3453711622042044,-0.30369336305953215,-0.5000517969764465,-1.3622446162119162,0.8606016612255766,-1.0638470357251857,-0.4767346482632857,-0.39276249842606453,38.84186112544412,-0.48987803790675344,-0.549303366383164,-0.0933164737197648,-1.3794407822812178,0.5621989735940333,-1.0797080463283317,1
-1.2660515931213254,-0.5388273740781935,-0.31394055001268023,-0.13722851373228412,-0.9518791621353645,-0.7210726186209239,-0.3490267078156065,-0.30369336305953215,-0.5028958763019741,-1.3610889892041278,0.8606016612255766,-1.0638470357251857,-0.11986577271963955,-0.39276249842606453,35.54348924166492,0.3993927891257163,-0.5493076264461103,-0.0933164737197648,-1.3808412826004264,0.5621989735940333,-1.0797080463283317,1
-0.5763574872149573,-0.5388273740781935,-0.2906209074194914,-0.13722862814303602,-0.9518791621353645,-0.7204885124216368,-0.3536334364884819,-0.30369336305953215,-0.5033303079672147,-1.3640752210512916,0.8606016612255766,-1.0638470357251857,0.2370031028240066,-0.39276249842606453,12.454886055210524,0.21829128642949702,-0.5493020232144499,-0.0933164737197648,-1.3793263304475163,0.5621989735940333,-1.0797080463283317,1
-0.5763574872149573,-0.5426621077918997,-0.32405259602290887,-0.13722788996595,-0.9518791621353645,-0.7219893600199726,-0.34702528633638574,-0.30369336305953215,-0.48861323396669293,-1.361137624947889,0.8606016612255766,-1.0638470357251857,-0.11986577271963955,-0.39276249842606453,8.057056876838258,-0.42742924387357434,-0.5493088603781242,-0.0933164737197648,-1.3777818079894466,0.5621989735940333,-1.0797080463283317,1
-1.2660515931213254,-0.512532057184207,-0.443716644711825,-0.13722927206320623,-0.9518791621353645,-0.7214641731502724,-0.3504970062492685,-0.30369336305953215,-0.5117887772481409,-1.3655810347891448,0.8606016612255766,-1.0638470357251857,-0.11986577271963955,-0.39276249842606453,22.35000170654812,-0.44866183384485525,-0.5493107880721011,-0.0933164737197648,-1.385238510645356,0.5621989735940333,-1.0797080463283317,1
-1.2660515931213254,-0.512532057184207,-0.3460391252336368,-0.13722848432443488,-0.9518791621353645,-0.7217907215252953,-0.34682454904051707,-0.30369336305953215,-0.5143411092532021,-1.3648683947003428,0.8606016612255766,-1.0638470357251857,0.2370031028240066,-0.39276249842606453,23.449459001141186,0.1008875536471205,-0.5493082068351218,-0.0933164737197648,-1.3836343575375305,0.5621989735940333,-1.0797080463283317,1
-1.2660515931213254,-0.512532057184207,-0.25185257593911425,-0.13722848826136377,-0.9518791621353645,-0.720887701519879,-0.3458484812816781,-0.30369336305953215,-0.5014490850190698,-1.3611652839349897,-0.7301640727667361,-0.6652052228273616,-0.11986577271963955,-0.39276249842606453,48.73697677678172,-0.40120075037963915,-0.5493150743382568,-0.0933164737197648,-1.3812718980397676,0.5621989735940333,-1.0797080463283317,1
-1.2660515931213254,-0.512532057184207,-0.4142188131980945,-0.13722766127954095,-0.9518791621353645,-0.7206488114753152,-0.3474656630145531,-0.30369336305953215,-0.5080239184748482,-1.3610522996410894,-0.7301640727667361,-1.0638470357251857,-0.4767346482632857,-0.39276249842606453,0.3608558146867934,-0.36123352219840454,-0.5493101989922546,-0.0933164737197648,-1.3794750796442454,0.5621989735940333,-1.0797080463283317,1
-0.5763574872149573,-0.5388273740781935,-0.3530199684575785,-0.13722908238764076,-0.9518791621353645,-0.720344949880498,-0.35207235172954426,-0.30369336305953215,-0.5079889463300963,-1.361805323368342,-0.7301640727667361,-1.0638470357251857,0.5938719783676527,-0.39276249842606453,13.55434334980359,0.10963038481176554,-0.5493054575901165,-0.0933164737197648,-1.3832518010880483,0.5621989735940333,12.466455266588735,1
-1.2660515931213254,-0.512532057184207,-0.34945649268125745,-0.13722827958706565,-0.9518791621353645,-0.7199580694811719,-0.3530370373618853,-0.30369336305953215,-0.4923369606942717,-1.3634181623177228,-0.7301640727667361,-1.0638470357251857,-0.4767346482632857,-0.39276249842606453,1.4603131092798598,0.44310694494894165,-0.5493011811482498,-0.0933164737197648,-1.3788823508385386,0.5621989735940333,-1.0797080463283317,1
-0.5763574872149573,-0.512532057184207,-0.3726900176910157,-0.13722734857045393,-0.9518791621353645,-0.7189108123071617,-0.34695724834304936,-0.30369336305953215,-0.4906272794835822,-1.3632448746141392,0.8606016612255766,-1.0638470357251857,-0.4767346482632857,-0.39276249842606453,54.23426324974705,-0.015267203254592528,-0.5493150027519903,-0.0933164737197648,-1.376676754870708,0.5621989735940333,-1.0797080463283317,1
-1.2660515931213254,-0.512532057184207,-0.3519069514734829,-0.13722893216131266,-0.9518791621353645,-0.719642033354941,-0.34731537223841624,-0.30369336305953215,-0.508860211556546,-1.3637865161463234,0.8606016612255766,-1.0638470357251857,-0.4767346482632857,-0.39276249842606453,11.355428760617457,-0.05773238319715432,-0.549308929474996,-0.0933164737197648,-1.3836323770069394,0.5621989735940333,-1.0797080463283317,1
-1.2660515931213254,-0.512532057184207,-0.2966530222074511,-0.13722911158185247,-0.9518791621353645,-0.7221641676607669,-0.34925078509838836,-0.30369336305953215,-0.49529859375957275,-1.3633283913190977,0.8606016612255766,-1.0638470357251857,-0.4767346482632857,-0.39276249842606453,22.35000170654812,-0.09395268373639816,-0.5492922847877241,-0.0933164737197648,-1.3808533845071533,0.5621989735940333,-1.0797080463283317,1
-0.5763574872149573,-0.512532057184207,-0.2817200851290982,-0.13722777347518095,-0.9518791621353645,-0.7184720156034556,-0.3469373514786322,-0.30369336305953215,-0.5150388613890621,-1.3629218249583606,-0.7301640727667361,-1.0638470357251857,-0.4767346482632857,-0.39276249842606453,47.63751948218865,-0.476139303219454,-0.5493084082602844,-0.0933164737197648,-1.3854978383667207,0.5621989735940333,-1.0797080463283317,1
-1.2660515931213254,-0.5355404594664451,-0.3415285369133883,-0.13722740365056835,-0.9518791621353645,-0.7180772642942487,-0.35020060197338115,-0.30369336305953215,-0.5076793716275015,-1.3606875508330767,-0.7301640727667361,-1.0638470357251857,0.2370031028240066,-0.39276249842606453,22.35000170654812,-0.20011563359280254,-0.5493081719686144,-0.0933164737197648,-1.3838707363128286,0.5621989735940333,-1.0797080463283317,1
-1.2660515931213254,-0.5355404594664451,-0.44692498734587294,-0.13722903953650778,-0.9518791621353645,-0.7206839850459309,-0.35192454711346954,-0.30369336305953215,-0.5115268368388403,-1.3634243914981075,-0.7301640727667361,-0.6652052228273616,-0.4767346482632857,-0.39276249842606453,16.85271523358279,-0.291290872881244,-0.5492956767673272,-0.0933164737197648,-1.382288210486355,0.5621989735940333,-1.0797080463283317,1
-1.2660515931213254,-0.5388273740781935,-0.4331900386557131,-0.13722887878558548,-0.9518791621353645,-0.7206808193662367,-0.3481555814086112,-0.30369336305953215,-0.5024006893296231,-1.3622435614677668,0.8606016612255766,-1.0638470357251857,-0.11986577271963955,-0.39276249842606453,23.449459001141186,0.3531806815411639,-0.5492893201066443,-0.0933164737197648,-1.380349205176309,0.5621989735940333,-1.0797080463283317,1
-1.2660515931213254,-0.5355404594664451,-0.35072005402637596,-0.1372279611781565,-0.9518791621353645,-0.720591466347965,-0.35298759909522764,-0.30369336305953215,-0.51107227330521,-1.3649604096194075,-0.7301640727667361,-1.0638470357251857,-0.4767346482632857,-0.39276249842606453,38.84186112544412,-0.2063605129961205,-0.5493113787165602,-0.0933164737197648,-1.3777716892950969,0.5621989735940333,12.466455266588735,1
-0.5763574872149573,-0.512532057184207,-0.36086290249498715,-0.13722886430692904,-0.9518791621353645,-0.7217426230804084,-0.34947267030929563,-0.30369336305953215,-0.5024102660441261,-1.3606499886246015,-0.7301640727667361,-1.0638470357251857,-0.11986577271963955,-0.39276249842606453,38.84186112544412,-0.330009125181815,-0.5493068013686249,-0.0933164737197648,-1.3829006367397347,0.5621989735940333,-1.0797080463283317,1
-1.2660515931213254,-0.5355404594664451,-0.2945004166252838,-0.13722807564422573,-0.9518791621353645,-0.7227182700317726,-0.34909737442192396,-0.30369336305953215,-0.5045185041454187,-1.3611576083796473,0.8606016612255766,-1.0638470357251857,0.2370031028240066,-0.39276249842606453,28.946745474106518,-0.428678219754238,-0.549312927607102,-0.0933164737197648,-1.384040019014973,0.5621989735940333,-1.0797080463283317,1
-1.2660515931213254,-0.5355404594664451,-0.24577071590708632,-0.13722855929883668,-0.9518791621353645,-0.7226512237746089,-0.3521958282613786,-0.30369336305953215,-0.5144512094732854,-1.3601841348968708,0.8606016612255766,-1.0638470357251857,-0.11986577271963955,-0.39276249842606453,10.255971466024391,-0.35873557043707743,-0.5493021989689103,-0.0933164737197648,-1.3808035598157162,0.5621989735940333,-1.0797080463283317,1
-1.2660515931213254,-0.5355404594664451,-0.2719438694483983,-0.13722874069429652,-0.9518791621353645,-0.7220839380445989,-0.3474956137472105,-0.30369336305953215,-0.5036872208787896,-1.3635429760471114,-0.7301640727667361,-1.0638470357251857,-0.4767346482632857,-0.39276249842606453,53.13480595515398,-0.1726381642182038,-0.5492975318852744,-0.0933164737197648,-1.3850268289236332,0.5621989735940333,-1.0797080463283317,1
-1.2660515931213254,-0.512532057184207,-0.2747309283054228,-0.13722878037118974,-0.9518791621353645,-0.7181260282016065,-0.34872269481282836,-0.30369336305953215,-0.49622419375613863,-1.3606406481936666,0.8606016612255766,-1.0638470357251857,-0.11986577271963955,-0.39276249842606453,32.24511735788572,0.4143804996936793,-0.5493151616348885,-0.0933164737197648,-1.3836364332788043,0.5621989735940333,-1.0797080463283317,1
-1.2660515931213254,-0.512532057184207,-0.30829009659732887,-0.1372275872298666,-0.9518791621353645,-0.7204915254310481,-0.3523134602648374,-0.30369336305953215,-0.5002704762162969,-1.360379369083482,0.8606016612255766,-1.0638470357251857,-0.11986577271963955,-0.39276249842606453,45.43860489300252,0.06966315663053099,-0.5493120409072436,-0.0933164737197648,-1.3814734764158803,0.5621989735940333,-1.0797080463283317,1
-0.5763574872149573,-0.5355404594664451,-0.41516880581510973,-0.13722826307610003,-0.9518791621353645,-0.7189407641012155,-0.3535523537710809,-0.30369336305953215,-0.5144779670249883,-1.3642744815433971,-0.7301640727667361,-1.0638470357251857,-0.4767346482632857,-0.39276249842606453,10.255971466024391,-0.37871918452769465,-0.5493144018649784,-0.0933164737197648,-1.3801164695856682,0.5621989735940333,-1.0797080463283317,1
-0.5763574872149573,-0.512532057184207,-0.4038248590471553,-0.13722809110405104,-0.9518791621353645,-0.7221776892005373,-0.3519810281850482,-0.30369336305953215,-0.5040514954534941,-1.3615949187475413,-0.7301640727667361,-1.0638470357251857,-0.11986577271963955,-0.39276249842606453,42.140233009223316,0.34568682625718233,-0.5493062128320635,-0.0933164737197648,-1.377180999403387,0.5621989735940333,-1.0797080463283317,1
-0.5763574872149573,-0.5114364189802909,-0.40698988982387346,-0.13722759695963432,-0.9518791621353645,-0.7213996275751363,-0.34937167060335417,-0.30369336305953215,-0.48767451788316274,-1.361321286064911,-0.7301640727667361,-1.0638470357251857,-0.4767346482632857,-0.39276249842606453,9.156514171431324,0.18831586529357106,-0.5492873431722638,-0.0933164737197648,-1.3810502950865673,0.5621989735940333,-1.0797080463283317,1
-1.2660515931213254,-0.512532057184207,-0.32814997120853956,-0.1372274795771418,-0.9518791621353645,-0.7182206837353027,-0.34421882115494057,-0.30369336305953215,-0.49478610706536397,-1.3612087988755488,0.8606016612255766,-1.0638470357251857,-0.4767346482632857,-0.39276249842606453,23.449459001141186,-0.08271190081042595,-0.5492887287579329,-0.0933164737197648,-1.3857704369238049,0.5621989735940333,-1.0797080463283317,1
-0.5763574872149573,-0.5355404594664451,-0.3246657212432055,-0.13722867132523364,-0.9518791621353645,-0.7183580387694791,-0.34659376976346634,-0.30369336305953215,-0.5146700100751371,-1.364439559235891,-0.7301640727667361,-1.0638470357251857,0.2370031028240066,-0.39276249842606453,38.84186112544412,0.23952387640077794,-0.5493139735481508,-0.0933164737197648,-1.3780437598409807,0.5621989735940333,-1.0797080463283317,1
-0.5763574872149573,-0.5355404594664451,-0.30921370601282994,-0.13722759749485128,-0.9518791621353645,-0.7224622784901977,-0.34428883904577007,-0.30369336305953215,-0.4901051800698821,-1.3643723982174616,-0.7301640727667361,-1.0638470357251857,-0.11986577271963955,-0.39276249842606453,24.54891629573425,0.06341827722721305,-0.5492934295670376,-0.0933164737197648,-1.3852545075045692,0.5621989735940333,-1.0797080463283317,1
-0.5763574872149573,-0.5355404594664451,-0.3988060856516372,-0.1372290615569265,-0.9518791621353645,-0.720515027167846,-0.3523283492095562,-0.30369336305953215,-0.5061140556392238,-1.3663251045243188,-0.7301640727667361,-0.6652052228273616,-0.4767346482632857,-0.39276249842606453,9.156514171431324,0.14709966123167295,-0.5492942913276624,-0.0933164737197648,-1.3805373262719463,0.5621989735940333,-1.0797080463283317,1
-0.5763574872149573,-0.5114364189802909,-0.44048568675801086,-0.1372283180528449,-0.9518791621353645,-0.7224201559010406,-0.34439863870595516,-0.30369336305953215,-0.5050294362786785,-1.3626542700121933,-0.7301640727667361,-0.6652052228273616,-0.4767346482632857,-0.39276249842606453,38.84186112544412,-0.3000337040458891,-0.5493076882564276,-0.0933164737197648,-1.3819921931371808,0.5621989735940333,-1.0797080463283317,1
-1.2660515931213254,-0.512532057184207,-0.28031796878281956,-0.13722811285867764,-0.9518791621353645,-0.7192800510772709,-0.35177808756217027,-0.30369336305953215,-0.4906549579808124,-1.359868647663291,-0.7301640727667361,-0.6652052228273616,-0.4767346482632857,-0.39276249842606453,38.84186112544412,-0.43991900268021017,-0.5492860495247949,-0.0933164737197648,-1.386137865728004,0.5621989735940333,-1.0797080463283317,1
-1.2660515931213254,-0.5355404594664451,-0.3848490788386142,-0.1372276565913024,-0.9518791621353645,-0.7183429711302454,-0.34858130065284876,-0.30369336305953215,-0.5016540586755185,-1.3606444516016447,-0.7301640727667361,-1.0638470357251857,-0.4767346482632857,-0.39276249842606453,49.83643407137478,0.2832380322240033,-0.549300134207282,-0.0933164737197648,-1.3833140007095002,0.5621989735940333,-1.0797080463283317,1
-1.2660515931213254,-0.512532057184207,-0.30853287885839653,-0.13722859637682772,-0.9518791621353645,-0.7196949722641833,-0.3445237386795621,-0.30369336305953215,-0.5129721242628336,-1.3636399131729382,-0.7301640727667361,-1.0638470357251857,-0.11986577271963955,-0.39276249842606453,42.140233009223316,-0.4599026167708275,-0.549301703412212,-0.0933164737197648,-1.3812225033652226,0.5621989735940333,-1.0797080463283317,1
-1.2660515931213254,-0.5355404594664451,-0.3826674023260499,-0.13722865790343272,-0.9518791621353645,-0.7208713817817184,-0.3446796781246074,-0.30369336305953215,-0.5043080810845874,-1.366501105442524,-0.7301640727667361,-1.0638470357251857,-0.11986577271963955,-0.39276249842606453,14.653800644396657,-0.1726381642182038,-0.5492859064172593,-0.0933164737197648,-1.3783438022698884,0.5621989735940333,-1.0797080463283317,1
-1.2660515931213254,-0.5355404594664451,-0.3024130786989254,-0.1372273761583575,-0.9518791621353645,-0.7179279384141756,-0.34757052237496877,-0.30369336305953215,-0.506085520454306,-1.3611622581991407,-0.7301640727667361,-1.0638470357251857,0.2370031028240066,-0.39276249842606453,17.952172528175854,-0.10769141842369753,-0.5493107565443909,-0.0933164737197648,-1.3857822383346967,0.5621989735940333,-1.0797080463283317,1
-0.5763574872149573,-0.512532057184207,-0.37067914168551686,-0.13722839546500973,-0.9518791621353645,-0.7226712738162725,-0.3526558475270411,-0.30369336305953215,-0.49686619060192383,-1.3610073163377423,-0.7301640727667361,-0.6652052228273616,0.2370031028240066,-0.39276249842606453,16.85271523358279,0.04093671137526857,-0.5492936299456981,-0.0933164737197648,-1.3784054360199147,0.5621989735940333,-1.0797080463283317,1
-0.5763574872149573,-0.5388273740781935,-0.33055462125326796,-0.13722890590861445,-0.9518791621353645,-0.7217750784644951,-0.3442179894536747,-0.30369336305953215,-0.5119452495827858,-1.3602482477632423,-0.7301640727667361,-0.6652052228273616,-0.11986577271963955,-0.39276249842606453,48.73697677678172,-0.34249888398845085,-0.5492907733851862,-0.0933164737197648,-1.3850956088869135,0.5621989735940333,-1.0797080463283317,1
-0.5763574872149573,-0.512532057184207,-0.3603121656195111,-0.13722924811174178,-0.9518791621353645,-0.7194399590578557,-0.34866311829460683,-0.30369336305953215,-0.4954891272445697,-1.3659926095704598,0.8606016612255766,-1.0638470357251857,-0.11986577271963955,-0.39276249842606453,25.648373590327317,-0.5385880972526331,-0.5492956596024766,-0.0933164737197648,-1.3844091839629078,0.5621989735940333,-1.0797080463283317,1
-0.5763574872149573,-0.512532057184207,-0.33173511872116523,-0.13722777253971163,-0.9518791621353645,-0.7219846705812087,-0.34656773334527674,-0.30369336305953215,-0.4931099799985643,-1.3664941656193073,0.8606016612255766,-1.0638470357251857,-0.11986577271963955,-0.39276249842606453,22.35000170654812,0.43686206554562373,-0.5493020001641058,-0.0933164737197648,-1.3843994123586087,0.5621989735940333,-1.0797080463283317,1
-1.2660515931213254,-0.512532057184207,-0.40496169265994153,-0.13722822732382145,-0.9518791621353645,-0.7180959788403966,-0.3486988152119242,-0.30369336305953215,-0.48954734647775294,-1.3620720939596698,-0.7301640727667361,-0.6652052228273616,0.2370031028240066,-0.39276249842606453,23.449459001141186,0.1783240582482624,-0.5492965845043255,-0.0933164737197648,-1.3781595438386145,0.5621989735940333,-1.0797080463283317,1
-1.2660515931213254,-0.512532057184207,-0.3959367997544789,-0.13722741649668035,-0.9518791621353645,-0.722576116478835,-0.35350922876100305,-0.30369336305953215,-0.514796359525965,-1.3654291715529632,0.8606016612255766,-0.6652052228273616,-0.4767346482632857,-0.39276249842606453,41.04077571463025,-0.3137724387331885,-0.5492902172012669,-0.0933164737197648,-1.3807079584071738,0.5621989735940333,-1.0797080463283317,1
-1.2660515931213254,-0.512532057184207,-0.34773013375806844,-0.13722780737210877,-0.9518791621353645,-0.7204121669591421,-0.34895802723026553,-0.30369336305953215,-0.5138333975135375,-1.3628673218532819,0.8606016612255766,-1.0638470357251857,0.5938719783676527,-0.39276249842606453,6.957599582245193,0.17332815472560806,-0.5493151570634183,-0.0933164737197648,-1.3776961548096756,0.5621989735940333,-1.0797080463283317,1
-0.5763574872149573,-0.5355404594664451,-0.3208471848636613,-0.13722916804900082,-0.9518791621353645,-0.7179737398506337,-0.3447014126952126,-0.30369336305953215,-0.49863494556012083,-1.3617907002892442,0.8606016612255766,-1.0638470357251857,-0.4767346482632857,-0.39276249842606453,15.753257938989723,0.27199724929803104,-0.5492934869587439,-0.0933164737197648,-1.3789680941078961,0.5621989735940333,-1.0797080463283317,1
-1.2660515931213254,-0.512532057184207,-0.4109343201813314,-0.13722800784035247,-0.9518791621353645,-0.7211140998399581,-0.34684908279042237,-0.30369336305953215,-0.49648046352592196,-1.3638032903281558,-0.7301640727667361,-1.0638470357251857,-0.11986577271963955,-0.39276249842606453,38.84186112544412,0.32695218804722864,-0.5492985300445439,-0.0933164737197648,-1.3771812941088917,0.5621989735940333,-1.0797080463283317,1
-0.5763574872149573,-0.512532057184207,-0.23754269371622608,-0.1372287342860388,-0.9518791621353645,-0.7207787979992549,-0.34463050146580254,-0.30369336305953215,-0.5059404249583188,-1.3646150391288827,-0.7301640727667361,-1.0638470357251857,0.2370031028240066,-0.39276249842606453,10.255971466024391,0.24202182816210505,-0.5493001496929915,-0.0933164737197648,-1.3811447340014344,0.5621989735940333,-1.0797080463283317,1
-0.5763574872149573,-0.512532057184207,-0.28561070061763155,-0.13722859261157058,-0.9518791621353645,-0.7181624915441205,-0.3526029158189548,-0.30369336305953215,-0.5009092057242173,-1.3664996268363407,-0.7301640727667361,-1.0638470357251857,-0.4767346482632857,-0.39276249842606453,48.73697677678172,0.10213652952778413,-0.5493109784345724,-0.0933164737197648,-1.3858791035676952,0.5621989735940333,-1.0797080463283317,1
-1.2660515931213254,-0.512532057184207,-0.34955598883290195,-0.13722892902288406,-0.9518791621353645,-0.7206110238223798,-0.34878144187218635,-0.30369336305953215,-0.503650183868141,-1.3613266844233445,-0.7301640727667361,-1.0638470357251857,0.2370031028240066,-0.39276249842606453,17.952172528175854,0.456845679636241,-0.5492920026882907,-0.0933164737197648,-1.3848187048555332,0.5621989735940333,-1.0797080463283317,1
-0.5763574872149573,-0.512532057184207,-0.4218030124493304,-0.13722925409360817,-0.9518791621353645,-0.7191921027149877,-0.35205475361210414,-0.30369336305953215,-0.49583000108207687,-1.3598672915974512,-0.7301640727667361,-1.0638470357251857,0.2370031028240066,-0.39276249842606453,23.449459001141186,-0.0027774444479567732,-0.5493134260721427,-0.0933164737197648,-1.3831694395752694,0.5621989735940333,-1.0797080463283317,1
-0.5763574872149573,-0.512532057184207,-0.24204724294460306,-0.13722921758416337,-0.9518791621353645,-0.7184676931096833,-0.34812684174569203,-0.30369336305953215,-0.49411865865940435,-1.3629352998827282,-0.7301640727667361,-1.0638470357251857,-0.4767346482632857,-0.39276249842606453,14.653800644396657,-0.521102434923343,-0.5492942094237517,-0.0933164737197648,-1.385033856129596,0.5621989735940333,-1.0797080463283317,1
-1.2660515931213254,-0.5355404594664451,-0.4161264809450017,-0.13722847167735464,-0.9518791621353645,-0.7214339389877035,-0.349396470624159,-0.30369336305953215,-0.492615747137526,-1.36099341321272,-0.7301640727667361,-1.0638470357251857,-0.4767346482632857,-0.39276249842606453,16.85271523358279,0.044683639017259344,-0.549296615830336,-0.0933164737197648,-1.3805981340997326,0.5621989735940333,-1.0797080463283317,1
-0.5763574872149573,-0.512532057184207,-0.363167902326313,-0.13722796182228797,-0.9518791621353645,-0.7197398274547567,-0.3448662006310119,-0.30369336305953215,-0.48977669372980076,-1.3655589968832145,-0.7301640727667361,-1.0638470357251857,0.5938719783676527,-0.39276249842606453,38.84186112544412,-0.43991900268021017,-0.5493060024241719,-0.0933164737197648,-1.3790740301745903,0.5621989735940333,-1.0797080463283317,1
-0.5763574872149573,-0.512532057184207,-0.30122796597376605,-0.13722856492443364,-0.9518791621353645,-0.7211502336482548,-0.35081823515201366,-0.30369336305953215,-0.5154316715801319,-1.3642475054881569,0.8606016612255766,-1.0638470357251857,-0.11986577271963955,-0.39276249842606453,27.847288179513452,-0.3512417151530959,-0.5492943984262973,-0.0933164737197648,-1.3813631091704075,0.5621989735940333,-1.0797080463283317,1
-0.5763574872149573,-0.5426621077918997,-0.283103635348824,-0.1372279285234962,-0.9518791621353645,-0.720613714662932,-0.34386400256057403,-0.30369336305953215,-0.49872388781836047,-1.3607590071480813,0.8606016612255766,-1.0638470357251857,-0.4767346482632857,-0.39276249842606453,13.55434334980359,0.004716410836024719,-0.5493043949011658,-0.0933164737197648,-1.381234434534798,0.5621989735940333,-1.0797080463283317,1
-1.2660515931213254,-0.5355404594664451,-0.38134066956650514,-0.13722784829812745,-0.9518791621353645,-0.719056105558434,-0.34505755505440766,-0.30369336305953215,-0.4892013840790526,-1.3624374336323584,-0.7301640727667361,-1.0638470357251857,-0.11986577271963955,-0.39276249842606453,15.753257938989723,-0.3250132216591607,-0.5492978237568222,-0.0933164737197648,-1.380607907803875,0.5621989735940333,-1.0797080463283317,1
-1.2660515931213254,-0.5388273740781935,-0.4139957687645443,-0.13722856846612452,-0.9518791621353645,-0.7220673334649268,-0.35119776481856024,-0.30369336305953215,-0.49937560080577376,-1.360429525537928,-0.7301640727667361,-1.0638470357251857,-0.11986577271963955,-0.39276249842606453,41.04077571463025,-0.3562376186757502,-0.5492961021738558,-0.0933164737197648,-1.385641020194808,0.5621989735940333,-1.0797080463283317,1
-0.5763574872149573,-0.5355404594664451,-0.32601167265146286,-0.13722835965691094,-0.9518791621353645,-0.7228065746485521,-0.35289965906269954,-0.30369336305953215,-0.4961974677836078,-1.3601029346763036,-0.7301640727667361,-1.0638470357251857,-0.4767346482632857,-0.39276249842606453,38.84186112544412,-0.24882569293868223,-0.5492942416548013,-0.0933164737197648,-1.3797535107661296,0.5621989735940333,-1.0797080463283317,1
-0.5763574872149573,-0.5355404594664451,-0.2673210319750201,-0.13722903250413532,-0.9518791621353645,-0.7227002067536924,-0.35128895273796495,-0.30369336305953215,-0.5076837107365829,-1.361797463222835,0.8606016612255766,-1.0638470357251857,-0.4767346482632857,-0.39276249842606453,1.4603131092798598,0.31196447747926564,-0.5492988666911148,-0.0933164737197648,-1.3810055875534677,0.5621989735940333,-1.0797080463283317,1
-1.2660515931213254,-0.512532057184207,-0.26598810398283657,-0.13722917939019,-0.9518791621353645,-0.7204038900964761,-0.3466147429809908,-0.30369336305953215,-0.4874975056282335,-1.3611782870257452,-0.7301640727667361,-1.0638470357251857,0.2370031028240066,-0.39276249842606453,23.449459001141186,-0.3537396669144231,-0.5493085112642383,-0.0933164737197648,-1.3859881969938455,0.5621989735940333,-1.0797080463283317,1
-1.2660515931213254,-0.512532057184207,-0.31859230227568813,-0.13722811275076888,-0.9518791621353645,-0.7222277790093767,-0.34611087831626014,-0.30369336305953215,-0.4914383877927439,-1.365537602100754,0.8606016612255766,-1.0638470357251857,-0.11986577271963955,-0.39276249842606453,5.858142287652126,0.2495156834460866,-0.5493134107007389,-0.0933164737197648,-1.378610888519813,0.5621989735940333,-1.0797080463283317,1
-0.5763574872149573,-0.5114364189802909,-0.421984770554127,-0.13722874399551022,-0.9518791621353645,-0.718513181262192,-0.3438656040383036,-0.30369336305953215,-0.506735557226498,-1.3651637630419144,-0.7301640727667361,-1.0638470357251857,-0.4767346482632857,-0.39276249842606453,15.753257938989723,0.1920627929355619,-0.5493016976965818,-0.0933164737197648,-1.3765039910161645,0.5621989735940333,-1.0797080463283317,1
-1.2660515931213254,-0.5426621077918997,-0.37967596194349545,-0.1372278772326647,-0.9518791621353645,-0.7186153101611717,-0.3483046523178932,-0.30369336305953215,-0.4997006724756338,-1.3648760127878043,-0.7301640727667361,-1.0638470357251857,0.5938719783676527,-0.39276249842606453,0.3608558146867934,-0.2575685241033273,-0.5493114762348303,-0.0933164737197648,-1.3850351673920844,0.5621989735940333,-1.0797080463283317,1
-1.2660515931213254,-0.5114364189802909,-0.3249039213677798,-0.13722827470969326,-0.9518791621353645,-0.7201355515156025,-0.3522035929760987,-0.30369336305953215,-0.49609356783962033,-1.3650036158907217,-0.7301640727667361,-1.0638470357251857,-0.4767346482632857,-0.39276249842606453,20.151087117361985,0.2982257427919663,-0.5493092725739562,-0.0933164737197648,-1.378833981139749,0.5621989735940333,-1.0797080463283317,1
-0.5763574872149573,-0.5426621077918997,-0.33223086558563336,-0.13722815821259934,-0.9518791621353645,-0.720552670546768,-0.3451423224039079,-0.30369336305953215,-0.5045777538539106,-1.3651994854077347,0.8606016612255766,-1.0638470357251857,0.5938719783676527,-0.39276249842606453,38.84186112544412,-0.3724743051243768,-0.5493051836574753,-0.0933164737197648,-1.3787952890518063,0.5621989735940333,-1.0797080463283317,1
-1.2660515931213254,-0.5388273740781935,-0.3666398985391534,-0.13722892053967023,-0.9518791621353645,-0.7212249312132205,-0.35099906372460676,-0.30369336305953215,-0.5011425624733876,-1.364453461408199,0.8606016612255766,-1.0638470357251857,-0.4767346482632857,-0.39276249842606453,30.046202768699583,-0.05023852791317283,-0.5493075064097056,-0.0933164737197648,-1.3860956753155016,0.5621989735940333,-1.0797080463283317,1
-0.5763574872149573,-0.512532057184207,-0.3631803296402381,-0.13722807834923872,-0.9518791621353645,-0.7200604073513257,-0.3501474236930371,-0.30369336305953215,-0.49764297441075744,-1.3599230889344518,-0.7301640727667361,-1.0638470357251857,-0.4767346482632857,-0.39276249842606453,42.140233009223316,-0.437421050918883,-0.5492978533534543,-0.0933164737197648,-1.3836564784033198,0.5621989735940333,-1.0797080463283317,1
-0.5763574872149573,-0.512532057184207,-0.42477851299590536,-0.1372290328470181,-0.9518791621353645,-0.7196705655120117,-0.3444673100916969,-0.30369336305953215,-0.49976082955993373,-1.3633537950217245,0.8606016612255766,-1.0638470357251857,-0.4767346482632857,-0.39276249842606453,30.046202768699583,0.009712314358679048,-0.5493068513841577,-0.0933164737197648,-1.3835259657645964,0.5621989735940333,-1.0797080463283317,1
-1.2660515931213254,-0.5426621077918997,-0.2918048910275319,-0.13722811188600156,-0.9518791621353645,-0.7207541220301418,-0.3456686253510856,-0.30369336305953215,-0.5078260418650458,-1.3612713935261138,0.8606016612255766,-1.0638470357251857,-0.4767346482632857,-0.39276249842606453,6.957599582245193,0.018455145523324154,-0.5493071002889901,-0.0933164737197648,-1.3792286934711477,0.5621989735940333,-1.0797080463283317,1
-0.5763574872149573,-0.5388273740781935,-0.3555045932584711,-0.13722805591033374,-0.9518791621353645,-0.7183286269646145,-0.3490133759289275,-0.30369336305953215,-0.4890812855646055,-1.3606567567638523,0.8606016612255766,-1.0638470357251857,0.2370031028240066,-0.39276249842606453,1.4603131092798598,0.028446952568632812,-0.5492951906579298,-0.0933164737197648,-1.378090236969825,0.5621989735940333,-1.0797080463283317,1
-1.2660515931213254,-0.512532057184207,-0.23738866056253072,-0.13722792231957456,-0.9518791621353645,-0.7182840847004489,-0.34362707200026193,-0.30369336305953215,-0.4884180224636586,-1.3621872057097917,0.8606016612255766,-1.0638470357251857,-0.4767346482632857,-0.39276249842606453,46.538062187595585,-0.3649804498403953,-0.5492897524746588,-0.0933164737197648,-1.3779995325803782,0.5621989735940333,-1.0797080463283317,1
-1.2660515931213254,-0.5355404594664451,-0.29660806649897614,-0.13722830596332863,-0.9518791621353645,-0.7194009171667027,-0.3517524359632156,-0.30369336305953215,-0.5136801768733069,-1.3606573052807076,-0.7301640727667361,-1.0638470357251857,0.2370031028240066,-0.39276249842606453,36.64294653625799,0.15084658887366365,-0.5492975378086574,-0.0933164737197648,-1.385695578088458,0.5621989735940333,-1.0797080463283317,1
-0.5763574872149573,-0.5355404594664451,-0.43157105755179825,-0.13722747938517132,-0.9518791621353645,-0.7225531876131398,-0.34527803862875406,-0.30369336305953215,-0.5066957373656718,-1.362528102451389,-0.7301640727667361,-1.0638470357251857,0.5938719783676527,-0.39276249842606453,47.63751948218865,-0.3250132216591607,-0.5492990488316748,-0.0933164737197648,-1.3829727028173031,0.5621989735940333,-1.0797080463283317,1
-1.2660515931213254,-0.512532057184207,-0.3319043523004296,-0.1372282194612012,-0.9518791621353645,-0.7205696924371315,-0.3515888450936395,-0.30369336305953215,-0.49863751263088685,-1.3658347754937628,-0.7301640727667361,-1.0638470357251857,-0.11986577271963955,-0.39276249842606453,22.35000170654812,-0.11518527370767903,-0.54928584074633,-0.0933164737197648,-1.3800282149036016,0.5621989735940333,-1.0797080463283317,1
-1.2660515931213254,-0.5426621077918997,-0.2609285874535115,-0.13722861719517473,-0.9518791621353645,-0.7217302302400248,-0.3449312032453385,-0.30369336305953215,-0.4908748387740653,-1.3664404196858588,0.8606016612255766,-1.0638470357251857,0.2370031028240066,-0.39276249842606453,28.946745474106518,-0.0802139490490988,-0.54929709684069,-0.0933164737197648,-1.3812369360835774,0.5621989735940333,-1.0797080463283317,1
-0.5763574872149573,-0.512532057184207,-0.2657045547152,-0.13722785338916105,-0.9518791621353645,-0.7189329528709943,-0.34833170948911235,-0.30369336305953215,-0.5033932787849814,-1.3624714516363359,-0.7301640727667361,-0.6652052228273616,0.5938719783676527,-0.39276249842606453,38.84186112544412,-0.00902232385127465,-0.5493075829415248,-0.0933164737197648,-1.3834699362783822,0.5621989735940333,-1.0797080463283317,1
-0.5763574872149573,-0.5388273740781935,-0.4254196740150383,-0.13722805683152312,-0.9518791621353645,-0.7182410130825412,-0.3506973537926173,-0.30369336305953215,-0.5114714429069084,-1.360399990840867,0.8606016612255766,-1.0638470357251857,-0.4767346482632857,-0.39276249842606453,12.454886055210524,-0.20011563359280254,-0.5492868202090719,-0.0933164737197648,-1.3849834198793787,0.5621989735940333,-1.0797080463283317,1
-1.2660515931213254,-0.5388273740781935,-0.3381326393947903,-0.13722756874975858,-0.9518791621353645,-0.7219497420517601,-0.3513143053844439,-0.30369336305953215,-0.4898718190062369,-1.3637315479794452,0.8606016612255766,-1.0638470357251857,0.2370031028240066,-0.39276249842606453,44.339147598409454,-0.03025491382255551,-0.5493015580835461,-0.0933164737197648,-1.3831474984521954,0.5621989735940333,-1.0797080463283317,1
-1.2660515931213254,-0.512532057184207,-0.24428643933573124,-0.1372275126545839,-0.9518791621353645,-0.7201159972650215,-0.352968612416157,-0.30369336305953215,-0.487590203330617,-1.3628852601803707,-0.7301640727667361,-1.0638470357251857,0.2370031028240066,-0.39276249842606453,22.35000170654812,-0.3662294257210589,-0.549291560672159,-0.0933164737197648,-1.3790958966441091,0.5621989735940333,-1.0797080463283317,1
-1.2660515931213254,-0.5355404594664451,-0.29232456112368466,-0.13722803478085435,-0.9518791621353645,-0.719423900992508,-0.34460372525609295,-0.30369336305953215,-0.49677846913129386,-1.3659497244701988,-0.7301640727667361,-1.0638470357251857,0.2370031028240066,-0.39276249842606453,47.63751948218865,0.06966315663053099,-0.5492940655549665,-0.0933164737197648,-1.3773681379662928,0.5621989735940333,-1.0797080463283317,1
-1.2660515931213254,-0.512532057184207,-0.26980224469151437,-0.1372276229917389,-0.9518791621353645,-0.719804140681454,-0.35245829508929494,-0.30369336305953215,-0.5069801464325138,-1.3620359128994737,-0.7301640727667361,-1.0638470357251857,-0.11986577271963955,-0.39276249842606453,23.449459001141186,0.18831586529357106,-0.5493012433295872,-0.0933164737197648,-1.3850816514993922,0.5621989735940333,-1.0797080463283317,1
-1.2660515931213254,-0.5388273740781935,-0.40605575273542605,-0.13722851847986545,-0.9518791621353645,-0.72101319323285,-0.3484870316697996,-0.30369336305953215,-0.5097644080002273,-1.3605106909912668,-0.7301640727667361,-1.0638470357251857,-0.11986577271963955,-0.39276249842606453,24.54891629573425,-0.1264260566336513,-0.5492951701735832,-0.0933164737197648,-1.3786106443657349,0.5621989735940333,-1.0797080463283317,1
-1.2660515931213254,-0.512532057184207,-0.3826185172900013,-0.13722762415930292,-0.9518791621353645,-0.719543287824887,-0.34804261585010265,-0.30369336305953215,-0.497561461024031,-1.3647505905513848,0.8606016612255766,-1.0638470357251857,-0.11986577271963955,-0.39276249842606453,55.33372054434012,0.22703411759414205,-0.5493020311231469,-0.0933164737197648,-1.380342265232661,0.5621989735940333,-1.0797080463283317,1
-1.2660515931213254,-0.512532057184207,-0.3798269131451312,-0.1372286309349252,-0.9518791621353645,-0.7190704732503052,-0.34564372732580045,-0.30369336305953215,-0.49365739751599025,-1.3651008586871414,0.8606016612255766,-0.6652052228273616,0.2370031028240066,-0.39276249842606453,45.43860489300252,0.3594255609444817,-0.5492965517414492,-0.0933164737197648,-1.380936051224654,0.5621989735940333,-1.0797080463283317,1
-0.5763574872149573,-0.512532057184207,-0.38498585463795476,-0.13722863882288996,-0.9518791621353645,-0.7199237881021029,-0.3449646340426324,-0.30369336305953215,-0.505874780947623,-1.3636890707335567,-0.7301640727667361,-0.6652052228273616,0.2370031028240066,-0.39276249842606453,8.057056876838258,-0.398702798618312,-0.5492958759220082,-0.0933164737197648,-1.3785820561326017,0.5621989735940333,-1.0797080463283317,1
-0.5763574872149573,-0.5355404594664451,-0.30141523108743384,-0.13722792122196376,-0.9518791621353645,-0.7193180224351042,-0.3499581687820484,-0.30369336305953215,-0.4907829734591339,-1.3643254087542238,0.8606016612255766,-1.0638470357251857,-0.4767346482632857,-0.39276249842606453,28.946745474106518,-0.1526545501275865,-0.5492952210408648,-0.0933164737197648,-1.385528039735442,0.5621989735940333,-1.0797080463283317,1
-1.2660515931213254,-0.512532057184207,-0.2392122161813904,-0.13722894169708424,-0.9518791621353645,-0.719230827335602,-0.345160127883189,-0.30369336305953215,-0.48808055312256265,-1.361094510829435,-0.7301640727667361,-0.6652052228273616,0.2370031028240066,-0.39276249842606453,8.057056876838258,-0.042744672629191335,-0.5492892037799948,-0.0933164737197648,-1.382526467816477,0.5621989735940333,-1.0797080463283317,1
-0.5763574872149573,-0.5355404594664451,-0.3077072361605963,-0.13722817356022182,-0.9518791621353645,-0.7203639670320179,-0.34538933310881526,-0.30369336305953215,-0.5076408109948638,-1.3598380601789155,-0.7301640727667361,-1.0638470357251857,-0.4767346482632857,-0.39276249842606453,0.3608558146867934,-0.09020575609440745,-0.5492907790708388,-0.0933164737197648,-1.3778704093639034,0.5621989735940333,-1.0797080463283317,1
-1.2660515931213254,-0.5355404594664451,-0.2771221485236045,-0.13722845773794332,-0.9518791621353645,-0.7217370023231235,-0.34499144452084907,-0.30369336305953215,-0.5011121408330657,-1.3652896319027068,-0.7301640727667361,-1.0638470357251857,-0.11986577271963955,-0.39276249842606453,27.847288179513452,0.23452797287812363,-0.5493078641410627,-0.0933164737197648,-1.3810800611475673,0.5621989735940333,-1.0797080463283317,1
-0.5763574872149573,-0.5355404594664451,-0.3911535678607826,-0.13722740359789923,-0.9518791621353645,-0.7197545725556717,-0.35095644447111995,-0.30369336305953215,-0.49222266306081086,-1.3623430360803523,-0.7301640727667361,-1.0638470357251857,0.2370031028240066,-0.39276249842606453,47.63751948218865,0.014708217881333375,-0.5493124251672977,-0.0933164737197648,-1.3857225392290762,0.5621989735940333,-1.0797080463283317,1
-0.5763574872149573,-0.512532057184207,-0.31258447597983974,-0.13722824460301647,-0.9518791621353645,-0.7183764598573618,-0.3460741476802281,-0.30369336305953215,-0.5141272949316548,-1.362535877517427,0.8606016612255766,-0.6652052228273616,-0.4767346482632857,-0.39276249842606453,24.54891629573425,-0.46240056853215467,-0.5493152084588488,-0.0933164737197648,-1.3775791320305222,0.5621989735940333,-1.0797080463283317,1
-1.2660515931213254,-0.512532057184207,-0.2492475378589578,-0.13722866641666034,-0.9518791621353645,-0.7182354807393465,-0.34417655796619134,-0.30369336305953215,-0.4879103014409144,-1.3634747040366748,-0.7301640727667361,-1.0638470357251857,-0.4767346482632857,-0.39276249842606453,0.3608558146867934,0.331948091569883,-0.5492905069297432,-0.0933164737197648,-1.380959000403498,0.5621989735940333,-1.0797080463283317,1
-0.5763574872149573,-0.5426621077918997,-0.23667874046887777,-0.1372279841852074,-0.9518791621353645,-0.7225998697580988,-0.3527238298110545,-0.30369336305953215,-0.5106143232707037,-1.3629879284224753,0.8606016612255766,-1.0638470357251857,-0.4767346482632857,-0.39276249842606453,19.05162982276892,0.07216110839185814,-0.5492904259106018,-0.0933164737197648,-1.383270290820245,0.5621989735940333,-1.0797080463283317,1
-0.5763574872149573,-0.512532057184207,-0.3734586005448267,-0.1372292134612267,-0.9518791621353645,-0.7203234318026303,-0.348040199891607,-0.30369336305953215,-0.4915249712580101,-1.3653716407243572,-0.7301640727667361,-1.0638470357251857,-0.11986577271963955,-0.39276249842606453,22.35000170654812,0.40313971676770705,-0.5493151159535141,-0.0933164737197648,-1.37839683312153,0.5621989735940333,-1.0797080463283317,1
-0.5763574872149573,-0.5355404594664451,-0.39731325438715986,-0.13722758770365429,-0.9518791621353645,-0.7228246134767428,-0.35265026433628005,-0.30369336305953215,-0.4933328672292143,-1.3605235536765665,0.8606016612255766,-1.0638470357251857,-0.11986577271963955,-0.39276249842606453,8.057056876838258,-0.007773347970611102,-0.5492978219692094,-0.0933164737197648,-1.3784558880165325,0.5621989735940333,-1.0797080463283317,1
-0.5763574872149573,-0.5388273740781935,-0.36076240533621046,-0.13722754541544965,-0.9518791621353645,-0.7209206684209221,-0.35283393900612925,-0.30369336305953215,-0.5003487142346682,-1.3612430287522836,0.8606016612255766,-1.0638470357251857,-0.11986577271963955,-0.39276249842606453,47.63751948218865,-0.05148750379383644,-0.5492865826912795,-0.0933164737197648,-1.3787264046201044,0.5621989735940333,-1.0797080463283317,1
-1.2660515931213254,-0.5388273740781935,-0.23935468179904051,-0.1372292232507166,-0.9518791621353645,-0.7180284484837619,-0.35156412128001463,-0.30369336305953215,-0.4972803631635203,-1.3664109360961099,-0.7301640727667361,-1.0638470357251857,0.2370031028240066,-0.39276249842606453,56.43317783893318,-0.10644244254303399,-0.5492877086496201,-0.0933164737197648,-1.3848208683634715,0.5621989735940333,12.466455266588735,1
-1.2660515931213254,-0.512532057184207,-0.3799346984502277,-0.13722820880413023,-0.9518791621353645,-0.7191271614783069,-0.353147778146819,-0.30369336305953215,-0.4990173075684443,-1.3628846549530083,-0.7301640727667361,-1.0638470357251857,-0.11986577271963955,-0.39276249842606453,52.03534866056091,-0.398702798618312,-0.5492947855145405,-0.0933164737197648,-1.3767956306961953,0.5621989735940333,-1.0797080463283317,1
-0.5763574872149573,-0.5388273740781935,-0.4272291682903545,-0.13722916802530286,-0.9518791621353645,-0.7220291080320408,-0.3455170441011699,-0.30369336305953215,-0.49419814347749325,-1.3634556237063762,-0.7301640727667361,-0.6652052228273616,-0.4767346482632857,-0.39276249842606453,23.449459001141186,-0.38995996745366696,-0.5492906672964663,-0.0933164737197648,-1.3766009083233393,0.5621989735940333,-1.0797080463283317,1
-1.2660515931213254,-0.5355404594664451,-0.39573049048549963,-0.1372281451187303,-0.9518791621353645,-0.7204464378205276,-0.3475913141016501,-0.30369336305953215,-0.4931565441350908,-1.364854667488243,-0.7301640727667361,-1.0638470357251857,0.2370031028240066,-0.39276249842606453,16.85271523358279,-0.5348411696106423,-0.549298116664045,-0.0933164737197648,-1.381019202133067,0.5621989735940333,-1.0797080463283317,1
-0.5763574872149573,-0.512532057184207,-0.2811873379927696,-0.13722802129873743,-0.9518791621353645,-0.722814577592604,-0.3475899978402448,-0.30369336305953215,-0.5004084205398552,-1.3643351354560913,0.8606016612255766,-0.6652052228273616,-0.11986577271963955,-0.39276249842606453,6.957599582245193,0.4493518243522596,-0.5492956035584297,-0.0933164737197648,-1.385839770576509,0.5621989735940333,-1.0797080463283317,1
-0.5763574872149573,-0.5426621077918997,-0.25892025988327244,-0.13722755306987344,-0.9518791621353645,-0.7216378513825558,-0.3514073694844854,-0.30369336305953215,-0.5120593415967272,-1.360366431363341,-0.7301640727667361,-1.0638470357251857,0.2370031028240066,-0.39276249842606453,50.93589136596785,0.140854781828355,-0.5493143071308307,-0.0933164737197648,-1.3851139532013172,0.5621989735940333,-1.0797080463283317,1
-1.2660515931213254,-0.512532057184207,-0.29078612686194083,-0.13722896916495464,-0.9518791621353645,-0.719469140081506,-0.3515706202535034,-0.30369336305953215,-0.5019252654911588,-1.361711605334874,0.8606016612255766,-1.0638470357251857,0.2370031028240066,-0.39276249842606453,33.344574652478784,0.1808220100095896,-0.5492971697454296,-0.0933164737197648,-1.378998221739622,0.5621989735940333,-1.0797080463283317,1
-1.2660515931213254,-0.512532057184207,-0.25051828655429026,-0.13722814048885473,-0.9518791621353645,-0.7225134640509613,-0.3440873476990026,-0.30369336305953215,-0.49843429777705806,-1.3653731945675764,0.8606016612255766,-1.0638470357251857,0.5938719783676527,-0.39276249842606453,25.648373590327317,-0.4099435815442842,-0.5493118748934771,-0.0933164737197648,-1.3768059877542929,0.5621989735940333,-1.0797080463283317,1
-1.2660515931213254,-0.5388273740781935,-0.42857271514513356,-0.13722867850785406,-0.9518791621353645,-0.7223031571787017,-0.3444838702614816,-0.30369336305953215,-0.5047886731210994,-1.3611402489329074,-0.7301640727667361,-1.0638470357251857,-0.4767346482632857,-0.39276249842606453,38.84186112544412,-0.1876258747861668,-0.5493076794506261,-0.0933164737197648,-1.3787216288778763,0.5621989735940333,-1.0797080463283317,1
-1.2660515931213254,-0.5355404594664451,-0.28822851621724493,-0.1372285402350104,-0.9518791621353645,-0.7229001345792999,-0.346869738535528,-0.30369336305953215,-0.5031403594136622,-1.3662579612818986,-0.7301640727667361,-1.0638470357251857,0.5938719783676527,-0.39276249842606453,24.54891629573425,0.1383568300670279,-0.5493109421723407,-0.0933164737197648,-1.3783689992122812,0.5621989735940333,-1.0797080463283317,1
-1.2660515931213254,-0.512532057184207,-0.3885518561238133,-0.1372287059548814,-0.9518791621353645,-0.7199538150812059,-0.3440254189870075,-0.30369336305953215,-0.48789073414243156,-1.3635217770509256,0.8606016612255766,-1.0638470357251857,-0.11986577271963955,-0.39276249842606453,13.55434334980359,0.02969592844929636,-0.5492956697067207,-0.0933164737197648,-1.386159052114984,0.5621989735940333,-1.0797080463283317,1
-0.5763574872149573,-0.512532057184207,-0.30174485048421923,-0.1372279977256504,-0.9518791621353645,-0.7220750113797861,-0.3454572261222179,-0.30369336305953215,-0.494779027680229,-1.3660110538780965,-0.7301640727667361,-1.0638470357251857,-0.4767346482632857,-0.39276249842606453,17.952172528175854,0.40438869264837063,-0.5492905690400399,-0.0933164737197648,-1.3804403729522143,0.5621989735940333,-1.0797080463283317,1
-0.5763574872149573,-0.512532057184207,-0.3718800702229974,-0.1372274417625586,-0.9518791621353645,-0.7192214335307104,-0.3465596618469221,-0.30369336305953215,-0.4890747854046743,-1.3625746288884837,0.8606016612255766,-1.0638470357251857,-0.11986577271963955,-0.39276249842606453,23.449459001141186,0.1008875536471205,-0.5492894254567369,-0.0933164737197648,-1.383926501514595,0.5621989735940333,-1.0797080463283317,1
-1.2660515931213254,-0.5388273740781935,-0.38688890963674916,-0.13722840214506765,-0.9518791621353645,-0.7204813127902375,-0.34724884295060116,-0.30369336305953215,-0.49024621770487575,-1.3647510929369775,-0.7301640727667361,-1.0638470357251857,-0.4767346482632857,-0.39276249842606453,30.046202768699583,-0.16764226069554947,-0.5493013805849571,-0.0933164737197648,-1.3826295255992078,0.5621989735940333,-1.0797080463283317,1
-1.2660515931213254,-0.5426621077918997,-0.4017269076801492,-0.13722909819381707,-0.9518791621353645,-0.7217542766200121,-0.34480271707175575,-0.30369336305953215,-0.504552228460546,-1.3650548541628609,0.8606016612255766,-1.0638470357251857,-0.4767346482632857,-0.39276249842606453,25.648373590327317,0.355678633302491,-0.5492985029515134,-0.0933164737197648,-1.380428671693669,0.5621989735940333,-1.0797080463283317,1
-0.5763574872149573,-0.512532057184207,-0.4400906398632609,-0.13722906985880795,-0.9518791621353645,-0.7201496956605183,-0.3503308564967985,-0.30369336305953215,-0.514267460694793,-1.3626173071571497,0.8606016612255766,-1.0638470357251857,0.2370031028240066,-0.39276249842606453,5.858142287652126,0.0072143625973518834,-0.5493046247402534,-0.0933164737197648,-1.3779407906299357,0.5621989735940333,-1.0797080463283317,1
-0.5763574872149573,-0.512532057184207,-0.4067416731758803,-0.13722834338624815,-0.9518791621353645,-0.7180707986779721,-0.3437468859704106,-0.30369336305953215,-0.5118578929079608,-1.3643801218163498,0.8606016612255766,-0.6652052228273616,-0.11986577271963955,-0.39276249842606453,19.05162982276892,0.08839779484048461,-0.5492990777877791,-0.0933164737197648,-1.3838011862113702,0.5621989735940333,-1.0797080463283317,1
-0.5763574872149573,-0.512532057184207,-0.3855443158215635,-0.1372289224005696,-0.9518791621353645,-0.7181840499228908,-0.3452707145115887,-0.30369336305953215,-0.498495717722056,-1.3613415560992626,-0.7301640727667361,-1.0638470357251857,0.5938719783676527,-0.39276249842606453,16.85271523358279,-0.07646702140710801,-0.5492969109436873,-0.0933164737197648,-1.3787503125981149,0.5621989735940333,-1.0797080463283317,1
-1.2660515931213254,-0.512532057184207,-0.24161749716959594,-0.1372288390267631,-0.9518791621353645,-0.7182432122675757,-0.3509241018484184,-0.30369336305953215,-0.5035384657895878,-1.3647945765133498,-0.7301640727667361,-1.0638470357251857,-0.4767346482632857,-0.39276249842606453,5.858142287652126,0.2132953829068427,-0.5492914675200931,-0.0933164737197648,-1.3827366843809525,0.5621989735940333,-1.0797080463283317,1
-1.2660515931213254,-0.5388273740781935,-0.2799226812248208,-0.13722748001776042,-0.9518791621353645,-0.7184719571096424,-0.35004244253855266,-0.30369336305953215,-0.49915048590043193,-1.3640828943961991,0.8606016612255766,-1.0638470357251857,-0.4767346482632857,-0.39276249842606453,21.250544411955055,0.31446242924059276,-0.5493040839750568,-0.0933164737197648,-1.3855512704290882,0.5621989735940333,-1.0797080463283317,1
-0.5763574872149573,-0.5355404594664451,-0.35962356289861236,-0.13722773716654216,-0.9518791621353645,-0.7194798388597747,-0.3472159190799724,-0.30369336305953215,-0.5077300042581144,-1.3649436650574027,-0.7301640727667361,-1.0638470357251857,-0.11986577271963955,-0.39276249842606453,13.55434334980359,0.06841418074986737,-0.5492886294877012,-0.0933164737197648,-1.3786510269440049,0.5621989735940333,-1.0797080463283317,1
-1.2660515931213254,-0.5388273740781935,-0.40626047865959986,-0.13722740928172644,-0.9518791621353645,-0.7223551780759313,-0.3523060397876201,-0.30369336305953215,-0.5116752633877432,-1.3638754708056298,-0.7301640727667361,-1.0638470357251857,-0.11986577271963955,-0.39276249842606453,27.847288179513452,-0.2438297894160279,-0.549307966923767,-0.0933164737197648,-1.3829108503537955,0.5621989735940333,-1.0797080463283317,1
-0.5763574872149573,-0.512532057184207,-0.2584288741351021,-0.1372277018674439,-0.9518791621353645,-0.7183320474165679,-0.3477455362402621,-0.30369336305953215,-0.50561945209521,-1.3662437889053405,-0.7301640727667361,-1.0638470357251857,-0.4767346482632857,-0.39276249842606453,53.13480595515398,-0.2588174999839909,-0.5493086856120591,-0.0933164737197648,-1.380085232189129,0.5621989735940333,-1.0797080463283317,1
-0.5763574872149573,-0.512532057184207,-0.24089693147298644,-0.1372275989239125,-0.9518791621353645,-0.7186537525205335,-0.352185124588073,-0.30369336305953215,-0.496062025410081,-1.359989701329788,-0.7301640727667361,-1.0638470357251857,-0.11986577271963955,-0.39276249842606453,23.449459001141186,-0.5260983384459973,-0.5493108985701202,-0.0933164737197648,-1.3823360046243724,0.5621989735940333,-1.0797080463283317,1
-1.2660515931213254,-0.512532057184207,-0.4223198026874653,-0.13722863127432638,-0.9518791621353645,-0.7192846656468141,-0.3442684162805144,-0.30369336305953215,-0.5109057885080227,-1.3652564830965728,0.8606016612255766,-1.0638470357251857,-0.4767346482632857,-0.39276249842606453,34.444031947071856,-0.3962048468569848,-0.5493068315955563,-0.0933164737197648,-1.379009676744246,0.5621989735940333,-1.0797080463283317,1
-0.5763574872149573,-0.512532057184207,-0.25193024894522537,-0.13722815166633529,-0.9518791621353645,-0.7213405205957754,-0.3528626437824433,-0.30369336305953215,-0.5035226762730943,-1.3630405972161272,-0.7301640727667361,-0.6652052228273616,-0.4767346482632857,-0.39276249842606453,56.43317783893318,-0.29628677640389833,-0.5493076506509899,-0.0933164737197648,-1.3783923383752057,0.5621989735940333,-1.0797080463283317,1
-0.5763574872149573,-0.512532057184207,-0.3576360183240479,-0.13722837846535843,-0.9518791621353645,-0.720264265882529,-0.3473668160809483,-0.30369336305953215,-0.4931961185022998,-1.3607438595584798,-0.7301640727667361,-1.0638470357251857,0.2370031028240066,-0.39276249842606453,17.952172528175854,0.31820935688258356,-0.5493034124129392,-0.0933164737197648,-1.3843664178344486,0.5621989735940333,-1.0797080463283317,1
-0.5763574872149573,-0.5388273740781935,-0.23634618092280488,-0.13722770136026324,-0.9518791621353645,-0.7218585079651749,-0.3520347561788183,-0.30369336305953215,-0.5147461841044243,-1.3641522934405748,0.8606016612255766,-1.0638470357251857,-0.11986577271963955,-0.39276249842606453,3.659227698465993,-0.03275286558388268,-0.5492980838036284,-0.0933164737197648,-1.3772943830278368,0.5621989735940333,-1.0797080463283317,1
-0.5763574872149573,-0.5355404594664451,-0.32573693651931135,-0.1372281656684806,-0.9518791621353645,-0.718520287670566,-0.34718714011751534,-0.30369336305953215,-0.5149684086178241,-1.36076948811203,0.8606016612255766,-0.6652052228273616,-0.11986577271963955,-0.39276249842606453,43.23969030381638,0.3656704403477996,-0.5493105574034323,-0.0933164737197648,-1.3768530618788004,0.5621989735940333,-1.0797080463283317,1
-1.2660515931213254,-0.512532057184207,-0.4470893197682518,-0.1372291621836497,-0.9518791621353645,-0.7212130478398874,-0.3477415087132266,-0.30369336305953215,-0.4910289528028549,-1.3646631318733082,0.8606016612255766,-1.0638470357251857,-0.11986577271963955,-0.39276249842606453,32.24511735788572,0.3032216463146206,-0.549301171483629,-0.0933164737197648,-1.3784195946674846,0.5621989735940333,-1.0797080463283317,1
-1.2660515931213254,-0.512532057184207,-0.27359898954080436,-0.13722870047737085,-0.9518791621353645,-0.7205977847047559,-0.34889951878551206,-0.30369336305953215,-0.4888610153830411,-1.3613246609569478,-0.7301640727667361,-1.0638470357251857,0.2370031028240066,-0.39276249842606453,52.03534866056091,0.07465906015318531,-0.5492982867365567,-0.0933164737197648,-1.3778401412657475,0.5621989735940333,-1.0797080463283317,1
-0.5763574872149573,-0.5114364189802909,-0.40112246454606204,-0.13722760705403253,-0.9518791621353645,-0.7204875037966528,-0.34390706185963965,-0.30369336305953215,-0.509308253970248,-1.3625306424981398,-0.7301640727667361,-1.0638470357251857,-0.11986577271963955,-0.39276249842606453,1.4603131092798598,-0.22884207884806493,-0.5493092524965525,-0.0933164737197648,-1.3822101266649556,0.5621989735940333,-1.0797080463283317,1
-1.2660515931213254,-0.5355404594664451,-0.33073396390771,-0.13722752127043913,-0.9518791621353645,-0.7202502360198412,-0.35306776210857177,-0.30369336305953215,-0.5052222458161558,-1.3647955011605528,-0.7301640727667361,-1.0638470357251857,-0.4767346482632857,-0.39276249842606453,38.84186112544412,-0.16264635717289513,-0.5492957624137582,-0.0933164737197648,-1.378903340795595,0.5621989735940333,-1.0797080463283317,1
-0.5763574872149573,-0.5388273740781935,-0.380566221253944,-0.13722862193003774,-0.9518791621353645,-0.719989553412688,-0.34467389488281186,-0.30369336305953215,-0.49061297737532467,-1.3637241570835692,0.8606016612255766,-1.0638470357251857,0.2370031028240066,-0.39276249842606453,38.84186112544412,-0.06772419024246297,-0.5493143622824195,-0.0933164737197648,-1.3804293706117543,0.5621989735940333,-1.0797080463283317,1
-0.5763574872149573,-0.5114364189802909,-0.4230207784529774,-0.1372290003075055,-0.9518791621353645,-0.7221972145200399,-0.34828041367388124,-0.30369336305953215,-0.49691791788438733,-1.3612581375067714,0.8606016612255766,-1.0638470357251857,-0.4767346482632857,-0.39276249842606453,22.35000170654812,-0.4998698449520621,-0.5493021931183217,-0.0933164737197648,-1.3794143748494216,0.5621989735940333,-1.0797080463283317,1
-0.5763574872149573,-0.5355404594664451,-0.28911421676213234,-0.13722863448819853,-0.9518791621353645,-0.7207683636111154,-0.3456575691290143,-0.30369336305953215,-0.5105041489251595,-1.3624638239223446,-0.7301640727667361,-0.6652052228273616,-0.4767346482632857,-0.39276249842606453,50.93589136596785,0.20080562410020694,-0.5492974739184371,-0.0933164737197648,-1.3845474468375072,0.5621989735940333,-1.0797080463283317,1
-0.5763574872149573,-0.512532057184207,-0.3501220959674997,-0.13722918085674962,-0.9518791621353645,-0.7200410029106946,-0.35117263942805554,-0.30369336305953215,-0.5077418502332794,-1.3637752955777043,0.8606016612255766,-1.0638470357251857,-0.4767346482632857,-0.39276249842606453,38.84186112544412,0.26075646637205885,-0.549303508361535,-0.0933164737197648,-1.3777820429488297,0.5621989735940333,-1.0797080463283317,1
-0.5763574872149573,-0.512532057184207,-0.3762420017075958,-0.13722892603619988,-0.9518791621353645,-0.7199095726276287,-0.345010966789086,-0.30369336305953215,-0.496807064565765,-1.363098787833854,-0.7301640727667361,-0.6652052228273616,0.2370031028240066,-0.39276249842606453,2.5597704038729265,0.31820935688258356,-0.5492973830992551,-0.0933164737197648,-1.3769975641931684,0.5621989735940333,-1.0797080463283317,1
-1.2660515931213254,-0.5355404594664451,-0.2765273039603772,-0.13722844512286075,-0.9518791621353645,-0.7198991237173392,-0.3503900391485543,-0.30369336305953215,-0.5155218689608502,-1.364694566262691,-0.7301640727667361,-1.0638470357251857,-0.11986577271963955,-0.39276249842606453,16.85271523358279,0.13960580594769137,-0.5493119505146002,-0.0933164737197648,-1.3860514876900494,0.5621989735940333,-1.0797080463283317,1
-0.5763574872149573,-0.512532057184207,-0.30175175716817776,-0.1372290967261663,-0.9518791621353645,-0.7192173901041518,-0.3440186446321411,-0.30369336305953215,-0.5097097865263004,-1.3623605665736307,0.8606016612255766,-1.0638470357251857,-0.4767346482632857,-0.39276249842606453,6.957599582245193,-0.11143834606568831,-0.5493129005125534,-0.0933164737197648,-1.3810250153579697,0.5621989735940333,-1.0797080463283317,1
-0.5763574872149573,-0.512532057184207,-0.37792275541112913,-0.13722913960373753,-0.9518791621353645,-0.7215169119196192,-0.35223986005007646,-0.30369336305953215,-0.507237164053878,-1.3650801128918004,-0.7301640727667361,-1.0638470357251857,0.2370031028240066,-0.39276249842606453,-1.8380587744993393,-0.4336741232768923,-0.5493061744481262,-0.0933164737197648,-1.3813437992772042,0.5621989735940333,-1.0797080463283317,1
-1.2660515931213254,-0.512532057184207,-0.23939366816999041,-0.13722833344073015,-0.9518791621353645,-0.721569629224549,-0.3514601668410499,-0.30369336305953215,-0.4991302635394122,-1.3604840310385011,0.8606016612255766,-1.0638470357251857,-0.4767346482632857,-0.39276249842606453,54.23426324974705,-0.3774702086470311,-0.5493116374957917,-0.0933164737197648,-1.3808181437470437,0.5621989735940333,-1.0797080463283317,1
