Origination_channel,Seller,ORIG_INT_R,ORIG_UPB,ORIG_LOAN_T,ORIG_LTV,ORIG_CLTV,NUM_BOR,ORIG_DTIR,BOR_C_SCORE,FST_TIME_IND,LOAN_PURPOSE,NUM_UNITS,OCC_TYPE,PROP_STATE,ZIP_SHORT,PRIM_INS_PERC,PROD_TYPE,CO_BOR_C_SCORE,INSUR_TYPE,RELOC_IND,Default
R,"FLAGSTAR BANK, FSB",6.773484728,60198.33228,195,86.23521116,115.9546665,1,47.90006394,307.1977896,N,P,2,P,NH,420,2.995722865,FRM,353.9116945,1,N,1
R,WELLS FARGO BANK,6.477443446,252313.533,195,87.51123083,88.0955129,1,47.57592453,359.2806426,Y,P,1,P,GU,741,3.805529222,FRM,331.714511,1,N,1
R,DITECH FINANCIAL LLC,6.822024755,129370.7317,195,83.5252163,118.0224888,1,61.29284278,308.3841381,Y,P,2,P,ID,212,1.355505206,FRM,499.9291392,1,N,1
R,FRANKLIN AMERICAN MORTGAGE COMPANY,5.57586819,36284.18088,195,87.12650465,110.1747217,1,52.05988553,358.1647946,N,P,1,P,GU,796,8.151770654,FRM,492.6474311,1,N,1
C,STONEGATE MORTGAGE CORPORATION,6.118382991,126145.4104,195,88.39260718,100.6237747,1,61.31595474,395.6817485,N,C,4,P,ID,277,8.905858902,FRM,381.5537046,1,N,1
C,STONEGATE MORTGAGE CORPORATION,6.25665511,119169.223,195,84.01380118,116.4876722,1,52.20703197,347.719738,N,P,2,P,AZ,744,9.079577549,FRM,481.462966,1,N,1
R,FRANKLIN AMERICAN MORTGAGE COMPANY,6.541220128,296276.4381,195,84.65227501,104.6738717,1,51.52793957,403.3073763,N,C,2,P,WA,491,8.620734306,FRM,422.452361,1,N,1
R,WELLS FARGO BANK,7.223065206,71835.31381,195,83.66674399,93.65305449,1,60.64747577,336.6973229,N,P,1,P,MN,346,4.769528704,FRM,310.1365143,1,N,1
R,FRANKLIN AMERICAN MORTGAGE COMPANY,5.884167318,26134.0045,195,86.87215098,86.96573131,1,48.62366945,487.9344224,N,P,2,P,WI,523,5.16866883,FRM,392.8480691,1,N,1
R,FRANKLIN AMERICAN MORTGAGE COMPANY,7.65610992,191042.1283,195,87.17301486,108.3395202,1,55.57920812,420.5662276,N,P,4,P,ME,81,2.382853146,FRM,337.953403,1,N,1
R,WELLS FARGO BANK,6.392141919,57689.96019,195,82.62481456,105.4312425,1,60.73794345,449.1813564,N,P,2,P,PR,525,2.841432938,FRM,349.974688,1,N,1
C,WELLS FARGO BANK,7.658830491,10233.18951,195,87.88698133,104.0474017,1,54.99465582,401.3899949,N,P,4,P,IN,638,5.274017898,FRM,460.3136036,1,N,1
R,WELLS FARGO BANK,6.326360558,29227.60481,195,85.53690813,92.43099285,1,43.02785717,367.16539,Y,P,1,P,PR,762,4.246767022,FRM,305.5458796,1,N,1
R,WELLS FARGO BANK,6.358483704,85796.02168,195,82.15657294,100.7581001,1,52.81562703,350.2810348,Y,P,3,P,MD,113,4.120284335,FRM,400.3907409,1,N,1
C,WELLS FARGO BANK,6.241684828,129911.5213,195,80.33085571,91.04423523,1,56.82555639,325.3606462,N,P,2,P,IL,704,2.182036852,FRM,325.112366,1,N,1
R,WELLS FARGO BANK,7.855391265,147877.3451,195,84.2225868,102.3469727,1,52.4521838,428.3391403,N,C,1,P,IL,742,9.889634339,FRM,448.0123529,1,N,1
C,FRANKLIN AMERICAN MORTGAGE COMPANY,6.856425622,145678.2521,195,80.38743727,91.10121758,1,55.68230135,337.6003114,N,P,1,P,ID,222,7.967672975,FRM,330.3768261,1,N,1
R,WELLS FARGO BANK,6.490797232,285984.3118,195,82.96418324,88.3822848,1,53.94429807,354.9097991,N,P,1,P,UT,335,6.493682123,FRM,458.7541162,1,N,1
R,WELLS FARGO BANK,6.501839046,181317.1592,195,87.37332251,119.3986918,1,43.65406231,390.7429624,N,P,2,P,AZ,41,1.413799066,FRM,325.4851462,1,N,1
R,FRANKLIN AMERICAN MORTGAGE COMPANY,5.678877016,196167.334,195,82.91941612,94.90708372,1,62.21921719,493.4796789,N,P,1,P,DC,536,3.908900499,FRM,359.3760864,1,N,1
R,FRANKLIN AMERICAN MORTGAGE COMPANY,5.679526797,243892.0463,195,81.63708162,98.53029116,1,59.80013923,457.5410493,Y,P,2,P,ID,242,7.281026273,FRM,476.1242622,1,N,1
C,WELLS FARGO BANK,5.220238269,80101.68685,195,80.15589616,112.0632754,1,47.13173839,431.8247121,N,P,3,P,DC,774,8.252423019,FRM,387.6110519,1,N,1
R,STONEGATE MORTGAGE CORPORATION,5.14351145,60297.47342,195,87.80296997,117.8195102,1,59.53487036,404.360921,Y,P,2,P,DC,774,3.97010858,FRM,323.5690998,1,N,1
C,WELLS FARGO BANK,6.754161839,102211.1021,195,80.55231484,86.56104413,1,53.26266791,392.6000996,N,C,1,P,LA,76,4.948575298,FRM,358.7399588,1,N,1
R,WELLS FARGO BANK,6.889421927,190622.2232,195,86.17069094,110.2961635,1,52.52001604,459.4577698,N,P,2,P,ND,678,4.097322441,FRM,404.360921,1,N,1
R,"FLAGSTAR BANK, FSB",6.254467018,186438.1204,195,82.42078119,113.6599214,1,53.46712648,305.028393,N,P,1,P,MI,272,9.068363892,FRM,334.6150734,1,N,1
C,FRANKLIN AMERICAN MORTGAGE COMPANY,7.107553606,164249.5009,195,82.75536132,89.94945545,1,61.73679007,384.9019587,N,P,1,P,ME,490,2.719574742,FRM,372.0047832,1,N,1
C,WELLS FARGO BANK,6.512591444,243951.0027,195,86.84149522,108.6065058,1,58.68090533,383.4024149,N,C,2,P,DE,692,1.545794261,FRM,381.723404,1,N,1
C,STONEGATE MORTGAGE CORPORATION,6.558646201,222127.2857,195,83.26754457,115.7969187,1,56.25494304,304.9223297,Y,P,1,P,ME,663,9.864907404,FRM,426.8009972,1,N,1
C,FRANKLIN AMERICAN MORTGAGE COMPANY,6.395033118,25760.81423,195,80.09992729,118.6474008,1,47.88002427,379.6392898,Y,P,2,P,NM,32,1.123747984,FRM,477.6310219,1,N,1
R,STONEGATE MORTGAGE CORPORATION,6.095397233,161940.444,195,83.32570075,97.62771378,1,45.31172666,454.0994159,N,P,1,P,IN,311,7.85679297,FRM,372.6514951,1,N,1
R,FRANKLIN AMERICAN MORTGAGE COMPANY,7.0438101,151293.4774,195,86.66853005,109.6447354,1,51.93353783,408.0045693,N,P,4,P,KS,401,8.644096174,FRM,467.5684908,1,N,1
C,DITECH FINANCIAL LLC,6.003316089,187295.6953,195,80.33832549,90.05763199,1,53.29553292,462.367725,N,P,1,P,DE,525,9.861951528,FRM,480.2785441,1,N,1
R,FRANKLIN AMERICAN MORTGAGE COMPANY,5.888961501,96962.55992,195,83.02985893,87.24133375,1,58.1111433,418.6743036,N,C,1,P,AZ,58,3.061888963,FRM,323.8965032,1,N,1
C,FRANKLIN AMERICAN MORTGAGE COMPANY,7.252682041,28606.48588,195,87.85386921,117.4358991,1,57.24023118,424.3409611,N,P,1,P,MI,41,2.021748898,FRM,304.1066142,1,N,1
C,"FLAGSTAR BANK, FSB",6.635940038,29008.53935,195,87.99060154,85.7770106,1,62.00970138,319.820004,Y,P,4,P,MD,730,7.036035933,FRM,325.3606462,1,N,1
C,FRANKLIN AMERICAN MORTGAGE COMPANY,5.907013226,232102.1083,195,87.07985844,112.7241566,1,55.13546454,340.634159,N,C,1,P,VT,336,1.378713751,FRM,346.2811706,1,N,1
R,STONEGATE MORTGAGE CORPORATION,7.536363125,134301.6058,195,87.05939089,96.5883642,1,52.81351905,452.8440459,N,C,2,P,ME,28,6.278415611,FRM,486.8416592,1,N,1
C,"FLAGSTAR BANK, FSB",5.086355585,72172.42109,195,80.06907229,114.4073075,1,52.15005848,347.5204672,N,P,2,P,DC,533,7.321903416,FRM,342.2727096,1,N,1
C,WELLS FARGO BANK,7.012068402,19023.42319,195,87.11465293,98.50751961,1,57.80866536,418.2468636,Y,C,1,P,GA,336,9.336141347,FRM,377.1595865,1,N,1
R,FRANKLIN AMERICAN MORTGAGE COMPANY,6.482493892,215310.7463,195,83.17932784,105.8859466,1,45.2577518,328.1662567,Y,P,3,P,NY,703,6.35261058,FRM,462.8368477,1,N,1
R,WELLS FARGO BANK,5.37146613,156893.1987,195,83.75549491,96.531029,1,61.88571251,485.7467192,N,P,1,P,CA,367,8.399044306,FRM,392.6098883,1,N,1
R,WELLS FARGO BANK,6.40355637,164461.8103,195,87.66390915,96.90724541,1,47.19979018,472.1258478,Y,C,1,P,MI,506,1.36318807,FRM,464.7469335,1,N,1
R,STONEGATE MORTGAGE CORPORATION,6.701618843,188370.6996,195,88.15991164,104.7232493,1,59.74059811,356.6368848,Y,P,3,P,TX,426,1.706596575,FRM,369.1567085,1,N,1
R,DITECH FINANCIAL LLC,7.536124166,243783.1909,195,82.09458772,112.2673775,1,61.48794107,463.2248743,Y,P,1,P,NM,594,9.269802395,FRM,323.9247343,1,N,1
C,WELLS FARGO BANK,7.096300298,266882.0153,195,88.28476535,119.6402781,1,56.6707758,312.0464928,N,C,1,P,CA,794,8.729852085,FRM,450.6431045,1,N,1
C,STONEGATE MORTGAGE CORPORATION,7.285950911,35095.72999,195,81.09436557,94.93107421,1,61.04671396,479.0536785,Y,P,3,P,NC,121,1.279439433,FRM,410.123341,1,N,1
R,FRANKLIN AMERICAN MORTGAGE COMPANY,7.752821094,79672.53199,195,87.64705994,98.47355996,1,45.40217924,444.6698352,Y,P,1,P,CA,720,2.887578764,FRM,437.5903894,1,N,1
C,"FLAGSTAR BANK, FSB",5.189777462,46430.04316,195,83.43252523,107.2814576,1,58.90183155,455.1575927,N,P,2,P,DC,497,1.184938066,FRM,414.2502479,1,N,1
R,WELLS FARGO BANK,6.132682175,41712.77376,195,85.74143688,114.0992659,1,62.14365813,330.7204226,N,C,4,P,GU,103,4.876068555,FRM,308.5460999,1,N,1
R,WELLS FARGO BANK,7.223443267,212269.7518,195,84.40433974,102.0468301,1,62.70564266,450.6736405,N,P,1,P,MS,770,6.953934155,FRM,468.20636,1,N,1
R,WELLS FARGO BANK,6.245742121,242489.2367,195,88.23724177,100.0706721,1,50.93198059,324.8562422,N,P,3,P,NM,660,7.316379579,FRM,470.7800231,1,N,1
R,"FLAGSTAR BANK, FSB",6.29374769,229794.7513,195,83.15585678,109.6704878,1,58.47476184,493.4382264,Y,P,2,P,AL,311,7.687982361,FRM,355.3173408,1,N,1
C,WELLS FARGO BANK,7.985563709,114574.7167,195,88.00488698,100.2900657,1,61.11811099,399.2294762,N,C,2,P,AR,711,8.711679998,FRM,498.4434376,1,N,1
R,STONEGATE MORTGAGE CORPORATION,5.646512074,238589.8693,195,81.52534784,99.72286441,1,53.76753478,464.1992882,N,P,2,P,NV,382,7.604651226,FRM,393.347658,1,N,1
R,WELLS FARGO BANK,7.043924746,258157.6498,195,84.884057,94.81358278,1,61.85674981,372.4100205,N,P,3,P,ND,753,5.934439042,FRM,366.080953,1,N,1
R,WELLS FARGO BANK,7.700120015,262591.2572,195,87.78387,96.31282991,1,44.366901,381.723404,N,C,1,P,NJ,6,7.207313417,FRM,354.9938844,1,N,1
R,WELLS FARGO BANK,5.052686803,296636.7773,195,85.82488794,103.7716958,1,57.09970068,405.8580727,Y,P,1,P,NY,486,6.545223334,FRM,444.5931131,1,N,1
C,FRANKLIN AMERICAN MORTGAGE COMPANY,5.239517136,80313.02521,195,84.80883061,99.64791963,1,52.26823279,311.6423142,Y,P,1,P,NY,114,9.467096208,FRM,438.0752049,1,N,1
C,FRANKLIN AMERICAN MORTGAGE COMPANY,7.097069811,128552.1244,195,83.6914521,119.4638998,1,53.022893,450.6638568,Y,P,1,P,IA,590,5.886691244,FRM,472.1258478,1,N,1
R,FRANKLIN AMERICAN MORTGAGE COMPANY,5.357766621,121187.45,195,81.54552181,88.31464895,1,60.13338388,319.0437199,Y,P,2,P,KY,262,6.122089011,FRM,358.974752,1,N,1
C,STONEGATE MORTGAGE CORPORATION,7.35471591,177783.9869,195,85.19849405,101.5103186,1,55.25413984,348.812917,Y,P,1,P,HI,516,7.077082871,FRM,302.793286,1,N,1
R,WELLS FARGO BANK,7.268104687,108739.8467,195,81.65012378,93.00926452,1,55.88206604,333.6682364,N,P,1,P,CT,196,8.772656723,FRM,461.8270018,1,N,1
C,FRANKLIN AMERICAN MORTGAGE COMPANY,6.191643939,61193.41841,195,87.6738643,114.6087212,1,47.33853647,332.9683069,N,P,1,P,IL,85,5.909173751,FRM,478.4089534,1,N,1
C,WELLS FARGO BANK,5.826258884,164898.6357,195,82.71468012,119.8174591,1,57.80523482,367.2104023,N,C,1,P,ND,359,2.53543861,FRM,360.6216445,1,N,1
C,FRANKLIN AMERICAN MORTGAGE COMPANY,7.837916296,266980.4563,195,87.17701804,86.89128684,1,54.11092159,352.6746973,N,C,3,P,WY,509,9.473665984,FRM,309.3870232,1,N,1
C,FRANKLIN AMERICAN MORTGAGE COMPANY,5.197068598,192808.8855,195,87.80089068,90.56115768,1,58.09099523,331.714511,Y,P,1,P,CT,280,7.884552064,FRM,349.7679935,1,N,1
C,FRANKLIN AMERICAN MORTGAGE COMPANY,6.188951625,24706.85114,195,85.39510529,114.8467734,1,59.39687359,479.2130594,Y,P,3,P,WA,264,1.479990837,FRM,401.6897246,1,N,1
R,FRANKLIN AMERICAN MORTGAGE COMPANY,6.593993051,57992.69206,195,84.05044147,101.820617,1,61.88033636,300.6140174,Y,P,2,P,DC,773,7.485161672,FRM,405.5288194,1,N,1
C,WELLS FARGO BANK,5.941969311,130609.4897,195,80.91287,108.9439388,1,59.8806257,393.4590471,Y,P,2,P,ND,221,8.112248948,FRM,492.3981131,1,N,1
C,DITECH FINANCIAL LLC,5.451297363,253330.3134,195,87.35465627,93.0487539,1,55.63470879,367.589206,N,P,3,P,PR,728,9.638497787,FRM,305.6229856,1,N,1
C,FRANKLIN AMERICAN MORTGAGE COMPANY,5.238088777,16528.51787,195,83.76561481,119.6895743,1,55.109123,412.0550131,N,P,3,P,NY,35,1.560992768,FRM,407.9992658,1,N,1
C,STONEGATE MORTGAGE CORPORATION,6.232974225,173706.0287,195,85.60639006,107.3649763,1,63.53909763,365.6557148,N,P,1,P,ND,148,6.269948916,FRM,407.8366455,1,N,1
R,WELLS FARGO BANK,7.246852918,136662.5395,195,83.37794067,105.2293661,1,55.96245871,313.1226624,Y,P,1,P,SD,597,7.541847497,FRM,440.083294,1,N,1
R,FRANKLIN AMERICAN MORTGAGE COMPANY,6.14278593,86996.89062,195,82.1076664,100.7621395,1,61.83872022,492.6474311,N,P,4,P,NV,722,4.376862763,FRM,384.9019587,1,N,1
C,FRANKLIN AMERICAN MORTGAGE COMPANY,6.140395463,54223.22033,195,82.07165484,101.1066439,1,49.92714063,322.8306487,Y,P,1,P,DC,95,5.719870379,FRM,477.2556916,1,N,1
C,STONEGATE MORTGAGE CORPORATION,5.465859203,244328.2662,195,86.22605597,105.5023208,1,57.563086,334.6150734,Y,P,1,P,KY,598,8.354406754,FRM,406.1507328,1,N,1
R,"FLAGSTAR BANK, FSB",6.487055032,213497.2401,195,84.20586953,103.6807579,1,60.81574185,413.1814188,Y,P,1,P,AZ,352,8.449459034,FRM,330.5932628,1,N,1
R,FRANKLIN AMERICAN MORTGAGE COMPANY,5.626815557,86404.04157,195,87.96678444,111.3893047,1,56.30248029,368.4562908,N,C,2,P,AZ,638,4.345914714,FRM,394.6698778,1,N,1
C,WELLS FARGO BANK,6.609387853,73745.44643,195,84.23022953,85.63929944,1,59.90303734,485.1184176,Y,P,3,P,VT,191,3.506493616,FRM,383.6688658,1,N,1
C,FRANKLIN AMERICAN MORTGAGE COMPANY,7.209032952,244793.1145,195,84.09610713,89.62154455,1,56.94781094,453.2843571,N,C,1,P,ND,264,9.268923393,FRM,458.5301452,1,N,1
R,WELLS FARGO BANK,6.745517142,48286.3153,195,84.75515324,102.4008842,1,45.86623243,492.5089829,N,P,2,P,CA,177,6.798001787,FRM,349.1131975,1,N,1
R,WELLS FARGO BANK,5.827953088,202669.4199,195,87.24337544,91.89201878,1,50.83315379,493.742798,N,P,3,P,IL,304,7.955126332,FRM,307.2715697,1,N,1
R,DITECH FINANCIAL LLC,6.913914626,295439.1505,195,86.47251919,89.61684202,1,47.53586729,305.5458796,N,P,1,P,NV,753,3.922875634,FRM,326.6447836,1,N,1
C,DITECH FINANCIAL LLC,6.976546097,15956.12093,195,83.69968021,114.6418447,1,63.80489668,452.1129492,Y,C,1,P,MI,712,5.478821656,FRM,363.2672983,1,N,1
C,STONEGATE MORTGAGE CORPORATION,7.39054532,254357.519,195,87.72493617,97.35069794,1,43.55300558,411.7904593,N,P,1,P,ND,68,1.18379492,FRM,421.8631411,1,N,1
C,STONEGATE MORTGAGE CORPORATION,6.775723535,110200.2208,195,87.21885631,100.85307,1,60.4497522,356.6183892,Y,P,1,P,VT,170,6.682807053,FRM,460.7564085,1,N,1
C,WELLS FARGO BANK,7.931096872,275965.8081,195,80.29192986,103.0824148,1,58.74441157,359.7845539,Y,C,2,P,PR,497,8.255511982,FRM,428.9205044,1,N,1
R,WELLS FARGO BANK,7.132881529,198422.161,195,80.55230081,93.68544066,1,43.04355021,310.1365143,N,P,1,P,LA,394,7.049956924,FRM,465.6518498,1,N,1
R,WELLS FARGO BANK,7.813009403,200522.8926,195,81.80742219,111.3882132,1,54.20631576,492.0452351,N,P,4,P,NH,636,3.99439881,FRM,335.2910393,1,N,1
R,"FLAGSTAR BANK, FSB",7.557693349,35842.45772,195,88.41853929,111.24014,1,57.37310236,345.9601484,Y,P,2,P,AR,236,1.800163492,FRM,321.8037419,1,N,1
R,FRANKLIN AMERICAN MORTGAGE COMPANY,5.243465524,286773.3499,195,84.54172093,100.6138263,1,55.1047216,321.0576952,Y,P,4,P,MT,651,3.063270068,FRM,479.9994118,1,N,1
C,FRANKLIN AMERICAN MORTGAGE COMPANY,7.896045937,23425.24598,195,86.88192246,100.1085225,1,55.98542055,358.9195311,Y,C,1,P,WI,438,7.6582971,FRM,322.2754187,1,N,1
R,STONEGATE MORTGAGE CORPORATION,7.830075163,287527.5388,195,80.41328883,106.7342114,1,50.66270499,411.7245231,N,P,1,P,LA,48,6.091816291,FRM,452.8440459,1,N,1
C,WELLS FARGO BANK,6.718331777,75873.32433,195,81.11897222,104.7699833,1,55.97424244,470.7800231,Y,P,1,P,IL,715,7.02685555,FRM,377.8242138,1,N,1
C,WELLS FARGO BANK,5.244793702,169983.7035,195,82.03252079,115.1807473,1,52.05705546,335.3477767,Y,P,1,P,SC,28,9.149553044,FRM,499.8577646,1,N,1
R,WELLS FARGO BANK,5.157464634,26386.58057,195,85.65165254,89.37170294,1,59.92291329,302.5857964,Y,P,1,P,NY,237,5.308404998,FRM,346.2836463,1,N,1
R,STONEGATE MORTGAGE CORPORATION,6.792659458,162907.1364,195,87.4716023,93.6934218,1,44.35128282,493.6932475,Y,P,1,P,MI,759,2.488997547,FRM,312.6472174,1,N,1
R,WELLS FARGO BANK,6.5619983,168992.3112,195,83.70648647,95.04878556,1,45.18813421,401.6897246,N,P,1,P,OR,358,5.556203239,FRM,318.5632767,1,N,1
R,DITECH FINANCIAL LLC,6.257725789,248107.5697,195,81.74923721,100.1309213,1,47.10219822,489.1012221,Y,P,2,P,AL,662,1.907413287,FRM,438.0244958,1,N,1
C,STONEGATE MORTGAGE CORPORATION,6.648907184,177112.1027,195,82.00790007,97.31229363,1,54.23687141,456.8561094,Y,P,1,P,DC,765,2.424605031,FRM,475.0733642,1,N,1
C,FRANKLIN AMERICAN MORTGAGE COMPANY,5.627017404,182997.4933,195,87.23146979,115.6342524,1,56.42473104,323.3371786,Y,P,1,P,MT,39,5.914928413,FRM,386.6632327,1,N,1
R,"FLAGSTAR BANK, FSB",7.9532848,95363.68594,195,86.59685875,92.30960503,1,63.60570471,339.5340141,N,C,1,P,CA,121,8.905250638,FRM,437.2775905,1,N,1
C,WELLS FARGO BANK,6.702854789,81223.34165,195,82.75182278,110.3075671,1,57.58229444,433.764675,Y,P,2,P,OR,576,5.729617679,FRM,488.9258965,1,N,1
R,WELLS FARGO BANK,5.849429372,175127.2404,195,84.89175325,92.955772,1,46.70965447,347.9660164,N,P,1,P,GU,481,5.283175325,FRM,432.9923074,1,N,1
R,WELLS FARGO BANK,6.402799301,225601.8029,195,83.7222895,93.30172909,1,54.52018086,430.715141,N,P,2,P,PR,437,7.350497893,FRM,472.5940311,1,N,1
C,WELLS FARGO BANK,7.436858624,89788.51549,195,84.55365479,100.6278214,1,57.09198722,422.452361,Y,P,2,P,MI,279,5.492298465,FRM,300.5563707,1,N,1
R,WELLS FARGO BANK,7.806388907,74578.58815,195,80.00816591,101.148113,1,44.58313399,452.5257571,Y,P,1,P,ND,387,4.423432639,FRM,475.3031936,1,N,1
C,WELLS FARGO BANK,6.155420369,178860.9221,195,86.75624156,114.527682,1,55.33570054,403.6124792,Y,C,1,P,CA,495,3.154469514,FRM,340.1650227,1,N,1
C,FRANKLIN AMERICAN MORTGAGE COMPANY,6.369700482,72567.43807,195,80.80590135,112.1933291,1,52.62399894,402.0898004,N,P,3,P,KY,90,7.181786118,FRM,337.6775546,1,N,1
R,WELLS FARGO BANK,5.03551206,83775.12362,195,87.08339528,106.6627618,1,50.1798633,410.0199889,N,P,2,P,KY,769,1.662868093,FRM,436.4571049,1,N,1
C,WELLS FARGO BANK,6.895445054,195479.1947,195,83.98771516,108.354195,1,56.13328529,323.9611223,N,P,1,P,SD,610,6.732869633,FRM,324.4729684,1,N,1
C,FRANKLIN AMERICAN MORTGAGE COMPANY,6.764203429,290445.9916,195,83.90607914,101.3566745,1,53.34883372,350.613582,Y,P,1,P,TX,442,7.304654453,FRM,350.2810348,1,N,1
C,FRANKLIN AMERICAN MORTGAGE COMPANY,6.589210099,34433.67842,195,86.95287377,85.22159692,1,63.0706922,322.1645687,Y,P,4,P,DC,469,4.533753188,FRM,344.5471654,1,N,1
C,WELLS FARGO BANK,5.826703223,172267.6436,195,86.94771391,119.5767504,1,61.60101757,494.0200082,Y,P,4,P,ND,687,4.651734079,FRM,316.1932181,1,N,1
R,WELLS FARGO BANK,7.477138904,55476.94808,195,85.87605676,92.84203617,1,50.22947168,325.112366,Y,P,1,P,NM,405,5.682518008,FRM,455.1575927,1,N,1
R,WELLS FARGO BANK,6.413155476,240163.4844,195,86.65467475,99.98923396,1,59.65802798,414.6018879,Y,P,1,P,MI,654,7.194984629,FRM,398.6642581,1,N,1
C,FRANKLIN AMERICAN MORTGAGE COMPANY,5.605409562,74378.45018,195,83.4310337,87.07766314,1,63.82834731,464.6833747,N,P,2,P,MT,395,8.680703229,FRM,430.437085,1,N,1
R,WELLS FARGO BANK,6.36215942,266091.6047,195,80.43545097,109.1964586,1,60.93318405,361.1279507,N,P,1,P,ID,460,4.840106836,FRM,356.4637193,1,N,1
R,"FLAGSTAR BANK, FSB",7.975673744,160858.4237,195,84.17320329,92.33562399,1,56.5848396,397.0891335,Y,P,1,P,KS,408,9.313356132,FRM,391.7612045,1,N,1
R,"FLAGSTAR BANK, FSB",7.452446067,45892.61342,195,80.02592951,114.0879469,1,45.35277498,437.108946,Y,P,1,P,AZ,770,2.051728174,FRM,303.0915474,1,N,1
R,FRANKLIN AMERICAN MORTGAGE COMPANY,5.226938663,175834.574,195,80.63690293,98.5931261,1,47.35370796,467.12546,N,C,2,P,MO,31,3.748645452,FRM,368.5916049,1,N,1
C,WELLS FARGO BANK,7.811001545,202470.1205,195,84.59617832,106.472674,1,49.67519259,375.9966156,Y,C,3,P,WI,140,3.55842976,FRM,380.8374652,1,N,1
R,"FLAGSTAR BANK, FSB",7.364748787,93032.929,195,84.86205639,95.68825296,1,59.82446331,446.0424984,Y,P,3,P,DC,366,3.673000809,FRM,434.6277022,1,N,1
R,"FLAGSTAR BANK, FSB",6.507204539,116203.1475,195,80.88547014,119.6134064,1,52.03687171,305.8085635,Y,P,2,P,SC,281,2.290871228,FRM,361.1279507,1,N,1
R,STONEGATE MORTGAGE CORPORATION,6.212923993,99729.14984,195,80.57366845,105.270603,1,48.55186675,323.5690998,N,P,1,P,IA,157,5.011043249,FRM,459.3915694,1,N,1
C,WELLS FARGO BANK,6.458141525,265529.7147,195,88.28423595,108.0253228,1,59.69413883,437.6237906,Y,P,2,P,NH,474,6.32916415,FRM,495.4613198,1,N,1
R,"FLAGSTAR BANK, FSB",7.787032732,115853.7931,195,86.58596349,90.23329762,1,62.86992471,396.7337335,N,P,2,P,ID,537,4.247709577,FRM,353.897035,1,N,1
R,"FLAGSTAR BANK, FSB",5.369994207,283016.7846,195,83.70001394,88.87080075,1,48.9304863,310.4324636,Y,P,2,P,MO,100,5.486820426,FRM,306.607762,1,N,1
R,FRANKLIN AMERICAN MORTGAGE COMPANY,7.21756762,19924.71721,195,85.73276224,116.3802693,1,49.39340063,382.4826585,Y,P,2,P,DC,536,7.492515323,FRM,433.764675,1,N,1
C,FRANKLIN AMERICAN MORTGAGE COMPANY,6.084694445,100521.108,195,81.41183703,93.31903745,1,58.29762913,420.7351313,N,P,1,P,WV,79,2.142317906,FRM,340.2552719,1,N,1
R,DITECH FINANCIAL LLC,5.838077372,75350.68888,195,86.93700534,109.2462819,1,53.57597069,436.7778744,N,P,4,P,DC,659,5.655493252,FRM,321.09566,1,N,1
R,STONEGATE MORTGAGE CORPORATION,5.595590094,263969.0994,195,81.55850768,96.41286955,1,52.12517201,471.5306823,N,C,1,P,CA,452,6.855512986,FRM,412.0191345,1,N,1
R,FRANKLIN AMERICAN MORTGAGE COMPANY,6.058403791,85522.6559,195,80.19001072,91.72412412,1,56.41620662,340.1650227,N,P,2,P,AZ,723,5.320099033,FRM,347.719738,1,N,1
R,WELLS FARGO BANK,5.246557539,45812.13552,195,80.21896639,115.5381134,1,55.25079114,340.2552719,Y,P,4,P,AR,629,8.462449783,FRM,392.5675741,1,N,1
C,FRANKLIN AMERICAN MORTGAGE COMPANY,5.461820863,243820.7104,195,84.69575181,113.3984796,1,47.69512403,424.7643104,Y,P,1,P,NJ,798,9.615395421,FRM,306.1853089,1,N,1
C,STONEGATE MORTGAGE CORPORATION,7.684293188,207597.9641,195,86.80243925,111.8058127,1,52.39092606,433.0921577,Y,P,2,P,FL,698,5.868140346,FRM,476.279221,1,N,1
C,STONEGATE MORTGAGE CORPORATION,7.575007566,267416.4531,195,80.08524165,89.29009293,1,43.90375072,415.2738755,N,P,1,P,IA,417,7.161022386,FRM,484.6472057,1,N,1
R,WELLS FARGO BANK,7.894548076,272383.4747,195,84.46281367,92.23746553,1,47.90320453,454.225993,N,P,4,P,ME,536,1.640858788,FRM,470.0469093,1,N,1
R,STONEGATE MORTGAGE CORPORATION,7.675353363,14857.06607,195,87.29280772,107.3519162,1,62.80468373,310.1711231,N,P,3,P,HI,347,1.106934626,FRM,475.2583172,1,N,1
R,WELLS FARGO BANK,5.990281662,98393.22595,195,81.42985153,110.5338464,1,47.63010422,461.2494678,Y,P,1,P,MT,212,9.062031492,FRM,350.2519015,1,N,1
C,"FLAGSTAR BANK, FSB",5.742919267,118889.2245,195,84.77830959,112.3947803,1,53.03000488,310.0260243,Y,P,2,P,CA,351,9.262691456,FRM,488.6320255,1,N,1
R,WELLS FARGO BANK,5.277597615,78122.03703,195,83.48423422,94.84734214,1,43.06260429,472.6149502,Y,P,1,P,NC,390,5.407662021,FRM,411.9440776,1,N,1
R,"FLAGSTAR BANK, FSB",6.54458073,109957.8971,195,85.47232848,103.9976984,1,58.77877297,381.883546,N,P,1,P,CO,506,3.572807693,FRM,454.6514866,1,N,1
C,"FLAGSTAR BANK, FSB",5.374871223,145338.0021,195,83.89327372,107.5118642,1,56.62390931,487.2254113,Y,P,2,P,GU,759,3.69180204,FRM,416.181286,1,N,1
C,STONEGATE MORTGAGE CORPORATION,5.152821391,24913.78937,195,88.3711746,89.88211985,1,50.50598616,313.3928818,N,P,1,P,IL,718,9.129376405,FRM,445.1319501,1,N,1
R,WELLS FARGO BANK,6.757904643,161824.774,195,86.75777143,100.7398752,1,47.85091815,438.1208022,Y,C,2,P,OK,313,4.079257222,FRM,464.1843686,1,N,1
R,WELLS FARGO BANK,6.03051735,296593.185,195,82.41457735,105.5578552,1,61.80916267,383.2645317,Y,C,1,P,MN,800,9.829584547,FRM,391.109692,1,N,1
C,WELLS FARGO BANK,6.620250475,113302.928,195,85.4012524,106.6398036,1,61.64041444,490.5136054,N,P,2,P,ME,742,4.813399941,FRM,407.4121679,1,N,1
R,WELLS FARGO BANK,5.126419192,99528.46211,195,86.56384541,108.3517117,1,61.52783016,347.0724945,Y,P,1,P,MO,653,6.462030681,FRM,438.2939818,1,N,1
C,STONEGATE MORTGAGE CORPORATION,6.071650047,286015.3914,195,87.09997159,95.13532049,1,47.32662597,359.543083,Y,P,3,P,GU,240,5.566824609,FRM,453.2843571,1,N,1
C,WELLS FARGO BANK,7.267934965,146397.4481,195,82.41465672,100.4610991,1,59.95628995,382.8457995,N,C,2,P,NY,190,2.276256291,FRM,346.0711771,1,N,1
C,WELLS FARGO BANK,6.647815668,248475.2492,195,80.11427379,110.3442616,1,51.64095154,495.4613198,Y,P,3,P,ME,200,8.35629485,FRM,485.1184176,1,N,1
R,FRANKLIN AMERICAN MORTGAGE COMPANY,7.039006969,125539.6588,195,84.74885221,93.18017789,1,58.14377001,430.437085,Y,P,3,P,CA,474,4.614816402,FRM,398.0174438,1,N,1
C,FRANKLIN AMERICAN MORTGAGE COMPANY,5.895746956,225520.2437,195,83.3771365,104.3947096,1,55.40965138,416.2380509,Y,C,4,P,CA,523,9.654301841,FRM,347.7892207,1,N,1
C,FRANKLIN AMERICAN MORTGAGE COMPANY,6.217224018,67555.7272,195,85.67611547,99.38716141,1,60.12605283,408.3153528,N,P,1,P,WI,103,9.502719874,FRM,403.8089202,1,N,1
C,FRANKLIN AMERICAN MORTGAGE COMPANY,7.989719916,116415.9838,195,83.22306216,105.1106843,1,60.35526866,439.6932103,Y,C,1,P,NE,446,1.268453695,FRM,403.3073763,1,N,1
C,WELLS FARGO BANK,5.291864641,260787.1394,195,82.68794689,95.56321046,1,45.54911521,422.1208497,N,P,1,P,NM,149,5.655120526,FRM,312.2767368,1,N,1
C,FRANKLIN AMERICAN MORTGAGE COMPANY,5.142665058,190335.8415,195,82.94310103,102.6520508,1,58.22225448,407.6673824,Y,P,1,P,LA,52,7.573824632,FRM,340.634159,1,N,1
C,WELLS FARGO BANK,5.302241022,84603.92479,195,81.89317122,95.43408529,1,51.91621934,348.6229986,N,P,1,P,NE,649,6.608589148,FRM,483.1533488,1,N,1
C,WELLS FARGO BANK,5.666375942,159843.7625,195,84.49056963,94.77496646,1,57.63833413,302.793286,N,C,2,P,SD,561,1.256565837,FRM,439.6894525,1,N,1
R,STONEGATE MORTGAGE CORPORATION,5.323390465,138252.5885,195,87.59163932,89.03047559,1,48.44585194,366.4636487,N,C,1,P,PR,303,1.504278373,FRM,311.2024583,1,N,1
R,FRANKLIN AMERICAN MORTGAGE COMPANY,5.681499905,243389.3165,195,83.36496825,97.02584041,1,50.06064919,347.8004286,N,P,3,P,NC,157,3.462687923,FRM,396.7337335,1,N,1
R,FRANKLIN AMERICAN MORTGAGE COMPANY,7.776641989,144524.1159,195,84.3897534,104.9650845,1,50.17515611,444.5931131,N,P,2,P,NH,393,7.462456709,FRM,334.5306187,1,N,1
C,FRANKLIN AMERICAN MORTGAGE COMPANY,7.190641089,15105.55104,195,82.36038276,87.72110886,1,63.15762445,445.1004987,Y,P,3,P,GU,125,4.266765909,FRM,329.6091169,1,N,1
R,"FLAGSTAR BANK, FSB",5.277018906,138952.2663,195,83.11395548,102.0753243,1,58.3911189,473.0848211,Y,P,1,P,CA,615,6.974694097,FRM,413.6693646,1,N,1
R,WELLS FARGO BANK,5.100548963,190910.9449,195,81.05415479,106.8902626,1,60.37048677,402.1625143,N,P,3,P,OR,283,5.473408366,FRM,410.598413,1,N,1
C,WELLS FARGO BANK,6.594389342,64311.10554,195,80.43115442,111.2930967,1,61.66270157,457.3345636,Y,P,2,P,KS,695,4.747500029,FRM,341.8955482,1,N,1
R,WELLS FARGO BANK,7.329143709,117304.5667,195,85.37615962,116.9239363,1,62.61104133,313.1468315,Y,P,1,P,MI,343,7.258928086,FRM,450.6368963,1,N,1
C,FRANKLIN AMERICAN MORTGAGE COMPANY,6.080215171,64564.91301,195,86.11207751,94.0494724,1,51.7393689,482.9766939,Y,P,1,P,ME,301,3.220944603,FRM,494.8116176,1,N,1
C,WELLS FARGO BANK,5.277232103,97561.1476,195,80.97963716,90.56501613,1,49.79889759,466.7008972,Y,P,3,P,VA,472,4.330994868,FRM,345.6998924,1,N,1
R,WELLS FARGO BANK,6.105703674,275266.9533,195,82.69394313,96.18079251,1,58.73158866,404.3861817,Y,P,3,P,AR,584,5.872226839,FRM,400.1016127,1,N,1
R,"FLAGSTAR BANK, FSB",6.834940357,206630.0464,195,82.4641439,98.95221027,1,51.07773156,335.1675845,N,P,1,P,KS,303,2.163649838,FRM,395.6817485,1,N,1
R,"FLAGSTAR BANK, FSB",6.953559014,185980.4724,195,81.91317127,91.09389133,1,52.67705449,345.7015679,Y,C,1,P,ND,230,4.009579483,FRM,348.9859716,1,N,1
R,WELLS FARGO BANK,7.271603423,17887.97831,195,84.11298146,110.2869995,1,56.82064216,415.2834017,Y,P,4,P,ME,770,7.669350668,FRM,424.8747047,1,N,1
C,WELLS FARGO BANK,7.158704243,240124.6053,195,82.86932557,119.4059165,1,50.02251618,306.2981998,N,C,3,P,CA,403,2.739127342,FRM,465.6281148,1,N,1
C,STONEGATE MORTGAGE CORPORATION,7.756774617,192375.1974,195,80.21528651,117.093619,1,60.68304658,457.9599932,N,C,2,P,AZ,135,9.392358085,FRM,494.0200082,1,N,1
R,FRANKLIN AMERICAN MORTGAGE COMPANY,6.827644332,56795.64927,195,85.57310059,113.1629933,1,61.55807877,399.8265642,N,C,1,P,NJ,170,4.964645564,FRM,465.5347004,1,N,1
R,DITECH FINANCIAL LLC,6.475348159,35509.0247,195,81.02226839,87.1690498,1,50.39913066,462.8368477,Y,P,1,P,PR,771,6.835443409,FRM,319.820004,1,N,1
C,WELLS FARGO BANK,7.444305018,201119.757,195,81.29596503,111.1514051,1,43.41667111,487.8517202,N,P,4,P,IA,474,3.768768515,FRM,468.3795,1,N,1
R,FRANKLIN AMERICAN MORTGAGE COMPANY,5.537960479,127020.7571,195,83.96128683,108.9578785,1,47.28884376,497.7085368,Y,C,1,P,OK,90,2.152017048,FRM,480.0967242,1,N,1
R,STONEGATE MORTGAGE CORPORATION,7.387556078,228266.22,195,82.08181086,114.3116001,1,56.03357273,391.4371281,Y,C,1,P,OH,751,4.022832815,FRM,373.2398384,1,N,1
C,WELLS FARGO BANK,6.278825339,244029.6938,195,82.63030643,96.64670976,1,55.28819606,377.8539375,Y,P,3,P,NY,546,5.564346431,FRM,336.0731515,1,N,1
R,FRANKLIN AMERICAN MORTGAGE COMPANY,5.467940381,104354.7915,195,82.82990424,98.1425074,1,55.83565038,354.5510893,Y,P,1,P,ND,589,4.442993381,FRM,384.6116194,1,N,1
C,FRANKLIN AMERICAN MORTGAGE COMPANY,5.675305101,49270.83079,195,81.66389514,113.2548937,1,53.61586953,335.1353171,Y,P,2,P,NE,92,5.344153344,FRM,418.6743036,1,N,1
C,WELLS FARGO BANK,6.429932824,209021.9232,195,81.17124108,92.578718,1,62.2154661,498.6158024,N,P,2,P,RI,238,4.324503443,FRM,442.8085237,1,N,1
C,FRANKLIN AMERICAN MORTGAGE COMPANY,5.006508763,137444.7082,195,81.37147513,90.41668965,1,43.13397331,390.7653144,Y,P,4,P,IL,540,3.283492614,FRM,489.1012221,1,N,1
R,STONEGATE MORTGAGE CORPORATION,7.208418281,230085.2586,195,87.25345017,89.58072839,1,47.90724399,476.279221,N,P,2,P,CO,590,6.785788702,FRM,355.5464708,1,N,1
R,FRANKLIN AMERICAN MORTGAGE COMPANY,5.88659903,216304.5309,195,83.28026545,105.1095495,1,61.75928406,310.2504585,N,P,1,P,GU,381,4.514750586,FRM,485.1981892,1,N,1
R,WELLS FARGO BANK,6.649117187,250676.7951,195,82.9158303,85.01710244,1,45.81366899,464.1811468,Y,P,2,P,HI,689,1.153722561,FRM,493.4382264,1,N,1
R,"FLAGSTAR BANK, FSB",5.37209132,222222.8778,195,88.33379716,90.38456352,1,45.68626713,352.6318943,Y,C,1,P,DE,651,1.572748787,FRM,472.9418322,1,N,1
C,STONEGATE MORTGAGE CORPORATION,5.231061166,5142.137259,195,85.15457834,119.016224,1,53.33219331,418.9689673,Y,P,1,P,RI,154,9.578700248,FRM,366.4068798,1,N,1
R,FRANKLIN AMERICAN MORTGAGE COMPANY,5.436845987,104180.5154,195,86.8434157,110.0294082,1,57.32277462,327.9452933,N,P,2,P,VI,412,9.90582632,FRM,304.3240775,1,N,1
R,"FLAGSTAR BANK, FSB",6.664294616,138210.6001,195,84.4218323,104.3073287,1,51.31407264,389.1340097,N,P,4,P,ND,525,1.973399798,FRM,381.8773567,1,N,1
R,WELLS FARGO BANK,6.499364722,286571.4472,195,86.05801513,99.41005238,1,60.82374475,457.3332857,N,P,1,P,HI,330,9.227996747,FRM,484.8223952,1,N,1
C,FRANKLIN AMERICAN MORTGAGE COMPANY,6.365889804,197111.5765,195,80.05285997,98.02886249,1,47.62880939,395.4384399,N,P,1,P,GU,348,7.795281521,FRM,398.8479776,1,N,1
C,WELLS FARGO BANK,5.085884973,75978.64619,195,86.63366259,108.6497841,1,45.84616029,412.0191345,N,C,3,P,UT,171,7.160874367,FRM,470.3852116,1,N,1
C,FRANKLIN AMERICAN MORTGAGE COMPANY,6.248821986,282031.02,195,87.66257744,110.4302974,1,61.78631045,324.3206674,Y,P,3,P,NC,587,2.013488095,FRM,436.7778744,1,N,1
C,FRANKLIN AMERICAN MORTGAGE COMPANY,7.178299946,106224.6105,195,88.22018231,88.6615661,1,47.25554486,386.5605076,Y,P,1,P,MD,66,2.416530587,FRM,409.0937415,1,N,1
C,FRANKLIN AMERICAN MORTGAGE COMPANY,7.224980221,252890.5904,195,82.50778318,89.026799,1,46.99522322,495.0817964,N,P,2,P,MT,729,7.747014513,FRM,498.6158024,1,N,1
C,FRANKLIN AMERICAN MORTGAGE COMPANY,5.943968343,126215.7191,195,82.46466606,117.9182082,1,59.77447113,464.7469335,Y,C,1,P,ND,646,9.446380035,FRM,419.5484415,1,N,1
R,FRANKLIN AMERICAN MORTGAGE COMPANY,7.249557001,116808.1547,195,80.07944407,103.5449552,1,56.1105854,324.2334728,Y,C,2,P,MA,186,4.545198708,FRM,479.2130594,1,N,1
C,FRANKLIN AMERICAN MORTGAGE COMPANY,5.861065194,45608.30143,195,86.8375014,99.89932663,1,53.85812175,354.9938844,Y,P,1,P,GA,57,9.59825073,FRM,388.4694578,1,N,1
R,WELLS FARGO BANK,5.708656179,58366.91374,195,86.07127425,94.13208407,1,47.79889757,300.5563707,N,C,4,P,TN,46,1.566197202,FRM,305.4631803,1,N,1
C,WELLS FARGO BANK,6.814764132,277998.8536,195,84.6870379,104.9796252,1,60.80442461,357.0178031,Y,P,1,P,MA,241,5.170649656,FRM,487.1598562,1,N,1
R,WELLS FARGO BANK,5.539074157,170190.8999,195,81.13105804,87.49905434,1,45.29300445,369.18196,N,P,1,P,ID,91,2.625828222,FRM,499.8046728,1,N,1
C,WELLS FARGO BANK,7.561462358,110944.4946,195,82.15547112,97.93392031,1,44.38729548,308.5460999,Y,P,2,P,IA,571,4.226495957,FRM,304.8027719,1,N,1
C,FRANKLIN AMERICAN MORTGAGE COMPANY,7.092674876,167485.4996,195,86.59162253,93.00185085,1,44.51352574,468.3795,Y,P,3,P,AZ,526,9.925721994,FRM,461.6930746,1,N,1
R,STONEGATE MORTGAGE CORPORATION,5.519542583,32043.14633,195,81.83884494,107.5105769,1,52.16673208,309.6151686,N,P,4,P,NV,273,7.132857013,FRM,400.3904505,1,N,1
R,DITECH FINANCIAL LLC,7.89985989,77040.23336,195,84.14615664,91.71994713,1,47.48414372,425.2156059,N,P,4,P,NM,220,5.709587296,FRM,309.9269514,1,N,1
C,WELLS FARGO BANK,7.297219034,292755.9097,195,84.57997251,110.4056834,1,55.41152651,450.2310316,Y,P,2,P,ID,399,9.295869535,FRM,482.5724651,1,N,1
C,FRANKLIN AMERICAN MORTGAGE COMPANY,6.201094779,3414.646462,195,86.34941312,99.00947081,1,52.85023979,406.7617404,Y,P,3,P,IA,27,9.751045502,FRM,494.9498927,1,N,1
C,WELLS FARGO BANK,5.14029316,77724.55276,195,83.46370945,91.97430244,1,55.90071468,372.0047832,N,P,4,P,ME,475,6.563192029,FRM,325.9397069,1,N,1
R,WELLS FARGO BANK,5.427703912,172768.4873,195,85.20051534,105.5629221,1,52.49443088,465.5347004,Y,P,1,P,HI,26,1.241220159,FRM,316.8676506,1,N,1
R,FRANKLIN AMERICAN MORTGAGE COMPANY,7.75206862,220357.4519,195,82.86447569,100.0284971,1,45.28990373,374.7918611,N,P,1,P,CT,13,5.918541822,FRM,337.7171515,1,N,1
R,FRANKLIN AMERICAN MORTGAGE COMPANY,7.949751426,154989.8861,195,83.21064939,95.24316227,1,54.46910091,306.1853089,Y,C,2,P,RI,123,9.612753484,FRM,391.1417796,1,N,1
C,FRANKLIN AMERICAN MORTGAGE COMPANY,7.416787843,184371.9333,195,81.60470727,94.80591564,1,61.39840653,467.956094,Y,P,2,P,ME,261,2.227736936,FRM,427.8432987,1,N,1
C,WELLS FARGO BANK,6.095583587,95828.07631,195,81.29495154,87.26678602,1,43.99226857,436.7869009,Y,P,4,P,MI,274,2.975413706,FRM,327.788482,1,N,1
R,STONEGATE MORTGAGE CORPORATION,7.685970749,271299.5692,195,86.23518797,116.573646,1,48.59014406,477.1633703,Y,P,1,P,AL,570,7.796564937,FRM,352.6281939,1,N,1
C,STONEGATE MORTGAGE CORPORATION,7.928082022,79134.50762,195,84.64480903,95.03449709,1,47.64362479,432.0828324,Y,P,3,P,MD,477,1.269196059,FRM,350.4741956,1,N,1
R,WELLS FARGO BANK,7.338204124,81273.46544,195,86.82864595,98.35490501,1,47.60254353,465.6281148,N,P,2,P,NM,180,3.237165418,FRM,332.8483243,1,N,1
R,DITECH FINANCIAL LLC,5.918629986,242985.6197,195,82.55405349,95.31337398,1,45.10782472,479.7222859,N,P,2,P,AZ,47,9.287393638,FRM,368.3328561,1,N,1
C,FRANKLIN AMERICAN MORTGAGE COMPANY,5.456406848,145903.9162,195,84.12509093,108.5012633,1,48.85094531,329.6091169,Y,P,2,P,KY,225,5.055071027,FRM,309.7796694,1,N,1
C,WELLS FARGO BANK,5.486528102,55929.40546,195,87.20807041,108.322715,1,46.91687353,312.6472174,N,P,3,P,NY,803,6.269895039,FRM,473.1904503,1,N,1
C,WELLS FARGO BANK,7.151291104,237415.9521,195,86.24518192,85.45506911,1,48.95238062,307.0384078,Y,C,3,P,NV,67,7.036308902,FRM,475.183216,1,N,1
R,WELLS FARGO BANK,7.318235439,273083.8366,195,86.82763746,87.31223938,1,44.73300555,350.5724483,N,P,4,P,HI,88,5.863272888,FRM,394.4982907,1,N,1
R,FRANKLIN AMERICAN MORTGAGE COMPANY,7.952266261,225975.5659,195,82.58798145,99.26726192,1,50.54209768,448.274531,Y,P,2,P,NJ,173,6.311165102,FRM,473.0848211,1,N,1
C,FRANKLIN AMERICAN MORTGAGE COMPANY,7.081287512,76272.47702,195,81.17513026,94.19564835,1,59.2379895,499.576703,N,P,1,P,HI,800,7.112744792,FRM,442.5798604,1,N,1
R,"FLAGSTAR BANK, FSB",7.917471604,27329.37787,195,87.98074092,110.4734103,1,59.47782591,443.522069,Y,P,2,P,IN,38,3.348779646,FRM,433.1253854,1,N,1
C,WELLS FARGO BANK,7.655384864,76705.9966,195,83.86779303,94.41526035,1,60.07627968,416.1743615,Y,P,4,P,CT,452,5.968329001,FRM,337.6003114,1,N,1
C,WELLS FARGO BANK,7.375773157,26565.66508,195,87.42323592,108.7980322,1,58.42176474,306.3867203,N,P,3,P,MN,345,9.445411522,FRM,415.5623593,1,N,1
C,STONEGATE MORTGAGE CORPORATION,7.292035171,121198.4259,195,84.65153094,111.3273639,1,55.97366277,307.3817643,N,P,3,P,AZ,392,8.600443359,FRM,359.4975341,1,N,1
R,"FLAGSTAR BANK, FSB",6.29277279,26588.887,195,83.6451126,118.5317412,1,59.16811146,419.0241857,Y,P,3,P,MT,438,2.848687734,FRM,482.5997233,1,N,1
R,"FLAGSTAR BANK, FSB",5.784481084,29599.94354,195,87.74430544,112.165173,1,52.94840677,496.1445366,Y,P,1,P,IA,91,7.979345855,FRM,461.4755782,1,N,1
R,"FLAGSTAR BANK, FSB",6.087756116,110215.3935,195,88.36221205,88.31849235,1,50.75205924,306.607762,N,P,1,P,NY,169,6.482721079,FRM,362.5818569,1,Y,1
C,WELLS FARGO BANK,7.531882966,133078.9122,195,86.69193081,119.9550246,1,59.02983673,355.4118529,N,P,3,P,GA,158,9.246718436,FRM,318.9212331,1,N,1
R,WELLS FARGO BANK,5.547585968,196508.9328,195,87.54817195,94.09719722,1,49.47407814,475.1239132,N,P,2,P,ND,649,8.797367783,FRM,331.2532007,1,N,1
C,"FLAGSTAR BANK, FSB",7.435226116,162493.9671,195,80.02055799,91.84044953,1,63.01726564,475.0733642,N,P,2,P,NV,767,9.600206904,FRM,349.6072955,1,N,1
C,"FLAGSTAR BANK, FSB",5.906819502,152545.8641,195,83.07483212,102.7956397,1,59.44512449,363.3915271,N,C,2,P,AL,273,9.060978061,FRM,403.8970595,1,N,1
C,STONEGATE MORTGAGE CORPORATION,5.484997097,265616.5197,195,84.17851319,87.07185324,1,48.89478084,325.9397069,Y,P,1,P,NY,559,2.801572508,FRM,427.0662463,1,N,1
R,FRANKLIN AMERICAN MORTGAGE COMPANY,5.651302621,163522.6688,195,87.11226059,114.5321347,1,63.41580939,333.6386892,Y,P,4,P,OR,172,4.127183349,FRM,420.5662276,1,N,1
C,FRANKLIN AMERICAN MORTGAGE COMPANY,7.215839401,265333.7919,195,87.74107903,117.353957,1,43.85774467,406.6007324,Y,P,1,P,IL,660,5.874834798,FRM,384.4291344,1,N,1
C,FRANKLIN AMERICAN MORTGAGE COMPANY,7.709349038,258604.6823,195,83.13058743,115.0365402,1,59.85331986,475.183216,N,P,2,P,OH,455,4.513312096,FRM,417.2527784,1,N,1
R,WELLS FARGO BANK,6.724476599,137506.4364,195,86.06891167,113.723106,1,43.08044607,301.0508931,N,P,1,P,AR,807,2.379439846,FRM,477.1633703,1,N,1
C,FRANKLIN AMERICAN MORTGAGE COMPANY,7.200562837,152854.3254,195,86.07726905,93.21416435,1,63.91125884,461.4755782,N,P,2,P,AZ,388,3.82872077,FRM,497.2582396,1,N,1
R,STONEGATE MORTGAGE CORPORATION,6.481352934,104189.5946,195,85.81593565,86.83146746,1,58.66652134,330.1779731,Y,P,4,P,MT,357,5.906685652,FRM,379.8597627,1,N,1
C,STONEGATE MORTGAGE CORPORATION,6.601503483,69307.11285,195,80.80111915,111.1050721,1,49.54923044,480.8636964,N,P,1,P,DC,606,4.248143093,FRM,394.7581086,1,N,1
R,STONEGATE MORTGAGE CORPORATION,6.659935146,182188.2083,195,83.42614746,98.93311213,1,56.84865959,346.2811706,Y,P,2,P,NC,99,2.081453866,FRM,436.3713688,1,N,1
R,WELLS FARGO BANK,7.346643341,8025.608204,195,88.27276317,94.5455018,1,60.7619349,328.2527624,Y,C,1,P,PR,185,7.493276856,FRM,477.7290005,1,N,1
R,WELLS FARGO BANK,7.235473893,106582.9391,195,84.22205594,112.3688993,1,56.20957173,342.2258209,N,P,3,P,NJ,115,4.105182153,FRM,349.3691503,1,N,1
R,WELLS FARGO BANK,7.563299174,274317.7282,195,88.21015694,117.2420182,1,52.28499637,445.7269954,Y,C,3,P,PA,238,1.662595217,FRM,362.8388417,1,N,1
R,WELLS FARGO BANK,7.640730526,58893.67269,195,82.38484634,97.17221163,1,44.24274656,309.07714,N,P,1,P,OK,129,4.919223883,FRM,438.2922311,1,N,1
R,WELLS FARGO BANK,5.136789489,20965.88159,195,84.7932994,108.9157632,1,58.0456843,411.9440776,Y,P,1,P,AZ,75,4.565296338,FRM,380.7078645,1,N,1
R,"FLAGSTAR BANK, FSB",7.648897739,142943.3444,195,80.50673208,119.9432047,1,60.64888115,335.2910393,Y,P,1,P,GU,351,8.08671968,FRM,399.5319511,1,N,1
R,FRANKLIN AMERICAN MORTGAGE COMPANY,5.000718972,183066.5194,195,84.10733581,90.02682436,1,54.4958676,300.2400622,Y,P,2,P,IL,464,1.1651379,FRM,436.7869009,1,Y,1
R,STONEGATE MORTGAGE CORPORATION,7.948389253,150907.0382,195,80.66529644,108.5366526,1,52.15785974,339.5246084,N,P,2,P,KS,217,2.310036652,FRM,302.8440496,1,N,1
C,WELLS FARGO BANK,5.671149786,127164.2172,195,85.45699594,91.28663534,1,60.55126934,395.54782,N,P,3,P,CO,33,7.917247547,FRM,340.6466868,1,N,1
R,FRANKLIN AMERICAN MORTGAGE COMPANY,5.993921842,276763.0527,195,86.79463567,95.76636641,1,62.88341155,366.4068798,N,C,1,P,NE,640,4.878303822,FRM,450.2372896,1,N,1
R,STONEGATE MORTGAGE CORPORATION,6.004762045,285888.7287,195,87.93772278,104.1567443,1,45.76934644,450.6368963,Y,P,1,P,NJ,533,2.63523828,FRM,369.18196,1,N,1
R,FRANKLIN AMERICAN MORTGAGE COMPANY,7.175659937,123412.4364,195,86.9183611,115.2850073,1,55.3485423,304.3240775,Y,P,1,P,ND,152,2.409764662,FRM,307.9677265,1,N,1
R,FRANKLIN AMERICAN MORTGAGE COMPANY,6.562865193,62786.95811,195,82.92503035,88.82839382,1,53.893227,486.8416592,N,P,1,P,NY,765,3.791946154,FRM,480.9436994,1,N,1
R,WELLS FARGO BANK,6.736874068,12472.51193,195,83.73827169,101.1914944,1,57.25484932,362.7140166,N,C,1,P,WA,450,1.289454212,FRM,480.5162203,1,N,1
C,STONEGATE MORTGAGE CORPORATION,6.125579429,289138.1142,195,86.17453302,107.8255043,1,60.98970587,398.6642581,Y,P,1,P,DC,483,4.032615962,FRM,452.7523458,1,N,1
R,FRANKLIN AMERICAN MORTGAGE COMPANY,5.19083519,116776.3937,195,86.87715448,101.825172,1,58.47290929,448.8670439,N,P,1,P,ID,386,3.300238918,FRM,386.0721983,1,N,1
C,STONEGATE MORTGAGE CORPORATION,5.759001222,171854.7091,195,82.37289279,96.35325036,1,61.78023966,344.3097202,Y,P,1,P,NY,328,7.004023966,FRM,305.8085635,1,N,1
R,WELLS FARGO BANK,5.341947837,186404.3995,195,81.27004307,106.5332778,1,55.18638383,470.0469093,Y,C,2,P,CA,286,7.273691293,FRM,480.7245783,1,N,1
R,WELLS FARGO BANK,5.686494165,1130.797186,195,85.48451412,113.0589616,1,60.73615647,335.1951649,N,C,4,P,GU,410,8.133196148,FRM,437.6237906,1,Y,1
C,"FLAGSTAR BANK, FSB",7.437361387,227635.7687,195,84.62975235,101.2792621,1,53.01387283,349.1131975,Y,P,4,P,AL,72,8.363653234,FRM,356.6368848,1,N,1
R,WELLS FARGO BANK,7.979928572,46632.41504,195,83.55596113,114.075975,1,43.32047368,411.8731333,Y,P,2,P,CA,302,2.506713127,FRM,336.1801289,1,N,1
C,WELLS FARGO BANK,6.080287995,12613.59946,195,85.13187627,90.04216687,1,49.70090003,421.5719468,N,P,3,P,KY,164,8.934379464,FRM,391.2196402,1,N,1
R,STONEGATE MORTGAGE CORPORATION,6.950196437,40500.54772,195,88.0783101,86.28817975,1,62.99005152,430.6892404,Y,P,4,P,GU,121,9.873207597,FRM,432.0696301,1,N,1
R,WELLS FARGO BANK,6.05615833,38794.32236,195,88.19216325,88.67117208,1,51.41649259,318.9381981,Y,P,1,P,PR,583,8.1017661,FRM,382.8457995,1,N,1
C,FRANKLIN AMERICAN MORTGAGE COMPANY,5.498120943,281519.5679,195,83.91080421,101.5621057,1,50.88703374,438.2922311,N,P,4,P,PA,114,8.695193953,FRM,437.3270455,1,N,1
C,WELLS FARGO BANK,6.355715985,288443.7122,195,81.7421608,86.01016912,1,56.68788331,460.6755163,N,P,1,P,WI,287,1.458053539,FRM,341.4258276,1,N,1
R,WELLS FARGO BANK,5.865328921,111388.7985,195,85.90140798,100.0735238,1,57.23126107,363.8547739,Y,C,1,P,NY,319,9.943288729,FRM,438.3308901,1,N,1
C,WELLS FARGO BANK,7.099976877,236820.2839,195,80.70734131,96.39937733,1,46.54017719,494.9498927,Y,P,2,P,GU,51,7.05179002,FRM,331.4907649,1,N,1
R,STONEGATE MORTGAGE CORPORATION,6.393775899,180336.6644,195,87.6223191,107.2307271,1,49.1473985,345.6998924,Y,P,2,P,PA,423,1.170410569,FRM,427.4256158,1,N,1
R,FRANKLIN AMERICAN MORTGAGE COMPANY,6.588180967,281294.3668,195,87.95980895,108.0667529,1,49.85434902,491.9241007,N,P,2,P,MI,536,9.274442393,FRM,302.8752042,1,N,1
R,WELLS FARGO BANK,6.915537874,84379.26759,195,83.56817561,106.3523276,1,51.50825146,465.5685602,Y,P,1,P,SD,153,6.381062166,FRM,493.1561479,1,N,1
C,WELLS FARGO BANK,5.207391822,91096.12338,195,82.38796557,108.6697368,1,56.7773178,492.6709684,Y,P,2,P,RI,176,5.532262732,FRM,356.5295368,1,N,1
C,WELLS FARGO BANK,7.212678422,169988.3275,195,83.16671937,92.17060833,1,46.18471124,318.5632767,N,C,4,P,WI,228,3.424237813,FRM,405.6883854,1,N,1
C,STONEGATE MORTGAGE CORPORATION,7.593369643,222009.9892,195,87.4070337,87.30029185,1,53.3924202,357.6318579,Y,C,1,P,WY,688,8.597549977,FRM,495.5178085,1,N,1
R,WELLS FARGO BANK,5.77342119,225643.7973,195,83.81457613,102.8373241,1,60.5878906,483.1441771,N,C,3,P,MN,613,8.572956719,FRM,345.0333499,1,N,1
C,FRANKLIN AMERICAN MORTGAGE COMPANY,6.3965278,133697.5849,195,86.31027837,97.5709362,1,45.90433605,363.7024726,N,P,2,P,DC,9,3.253368707,FRM,345.7015679,1,N,1
R,STONEGATE MORTGAGE CORPORATION,7.513826673,18134.1792,195,88.03437183,89.84886025,1,58.74532588,467.5684908,N,P,1,P,RI,688,7.433055194,FRM,329.3104582,1,N,1
R,FRANKLIN AMERICAN MORTGAGE COMPANY,7.76947203,183965.4957,195,88.202776,117.5320211,1,61.14837112,300.6644111,N,C,1,P,HI,440,7.975302144,FRM,329.0731556,1,N,1
C,WELLS FARGO BANK,7.676494613,286756.2089,195,82.84071917,110.0951408,1,62.519623,303.0915474,Y,C,2,P,TN,79,4.907301679,FRM,389.7681995,1,N,1
C,FRANKLIN AMERICAN MORTGAGE COMPANY,7.33190032,198519.2699,195,82.59961399,107.5071654,1,52.26896441,303.4044798,N,P,3,P,MN,336,9.225702094,FRM,410.1599275,1,N,1
R,WELLS FARGO BANK,6.785796608,95146.77999,195,81.25978255,87.40210799,1,47.91854855,416.5815526,Y,P,2,P,WY,130,4.29238291,FRM,418.2468636,1,N,1
R,FRANKLIN AMERICAN MORTGAGE COMPANY,6.942180636,223553.9586,195,88.26328957,116.4592321,1,54.62853809,310.8682781,N,P,1,P,AZ,665,3.382373035,FRM,349.8095023,1,N,1
R,WELLS FARGO BANK,6.847545886,171510.6631,195,86.04079638,108.105809,1,54.97759581,417.2527784,N,P,3,P,FL,259,3.502145324,FRM,409.1828855,1,N,1
C,FRANKLIN AMERICAN MORTGAGE COMPANY,5.727654275,163722.7294,195,81.70526843,93.76855935,1,48.40430948,467.1292328,Y,P,2,P,AR,500,5.10086108,FRM,423.6520633,1,N,1
C,WELLS FARGO BANK,7.423557201,108283.4126,195,82.81781038,88.3286047,1,54.23872388,442.8085237,N,C,2,P,IA,804,6.248890255,FRM,357.0178031,1,N,1
C,WELLS FARGO BANK,7.15111705,123719.2456,195,85.38165243,109.1969227,1,53.49758009,499.7070284,Y,P,2,P,DC,145,7.373212792,FRM,389.1162825,1,N,1
R,FRANKLIN AMERICAN MORTGAGE COMPANY,5.178361742,296654.4768,195,83.15558674,101.704683,1,43.4546581,383.6688658,Y,C,2,P,CA,625,5.243776279,FRM,467.5476592,1,N,1
R,WELLS FARGO BANK,7.775942806,162723.613,195,82.06480865,87.42761097,1,54.48610171,311.2024583,Y,P,2,P,DC,532,2.874879141,FRM,442.2326918,1,N,1
C,FRANKLIN AMERICAN MORTGAGE COMPANY,6.798455952,9074.487716,195,84.48508535,90.80691753,1,53.49998778,353.9744672,N,C,1,P,MI,467,9.065264713,FRM,489.5600714,1,N,1
C,DITECH FINANCIAL LLC,5.775905728,151691.1702,195,83.46011332,111.7304516,1,63.83736051,402.408542,N,P,1,P,MA,702,5.475341447,FRM,468.1441489,1,N,1
R,DITECH FINANCIAL LLC,5.490720328,53224.74113,195,80.65411957,105.238417,1,57.11349529,391.4127813,N,P,1,P,ID,429,2.563755819,FRM,446.596647,1,N,1
R,WELLS FARGO BANK,5.376139636,90631.39818,195,85.25826892,106.046783,1,63.70803589,480.5162203,Y,P,1,P,CT,348,9.599837465,FRM,372.3351229,1,N,1
C,"FLAGSTAR BANK, FSB",7.251008332,251343.2323,195,87.53153012,89.64593407,1,63.15873801,356.5295368,N,P,2,P,OK,71,2.387446426,FRM,436.483969,1,N,1
C,WELLS FARGO BANK,6.761579988,210842.8787,195,82.02501578,91.5275091,1,44.72754866,367.8952022,N,P,3,P,NY,86,8.457588532,FRM,440.5186491,1,N,1
C,"FLAGSTAR BANK, FSB",5.887554455,69046.55545,195,85.30420775,85.2224118,1,62.7969653,457.336262,Y,C,1,P,GA,39,6.579406469,FRM,341.855413,1,N,1
R,WELLS FARGO BANK,5.112754235,96593.2194,195,87.69316312,88.3520343,1,47.92148853,323.9247343,N,P,1,P,MO,591,2.033573802,FRM,475.9324997,1,N,1
C,STONEGATE MORTGAGE CORPORATION,6.689374165,68977.71166,195,82.15626853,96.60599626,1,45.99842125,407.8366455,Y,C,1,P,CA,769,1.656642623,FRM,347.5204672,1,N,1
C,WELLS FARGO BANK,7.212155236,116201.9056,195,81.86485325,112.1689579,1,53.44662141,439.1486736,N,P,2,P,GA,543,4.476755606,FRM,474.6926584,1,N,1
R,FRANKLIN AMERICAN MORTGAGE COMPANY,6.988141167,3038.011215,195,86.03719648,95.69900495,1,50.82572594,401.675301,Y,P,1,P,GU,591,3.243849458,FRM,395.2032704,1,N,1
C,WELLS FARGO BANK,7.458903045,49388.17858,195,86.04849664,112.4979661,1,62.3841474,442.2326918,N,C,3,P,IA,191,5.896143253,FRM,362.0887824,1,N,1
C,WELLS FARGO BANK,5.741437489,38493.35213,195,80.26532507,89.43823119,1,43.95105875,409.4345577,Y,P,2,P,ND,645,8.930944909,FRM,407.6673824,1,N,1
C,WELLS FARGO BANK,7.933067691,267301.0423,195,84.71549212,92.95755756,1,58.68032769,369.1567085,N,P,1,P,NY,359,8.229382408,FRM,398.7433764,1,N,1
C,"FLAGSTAR BANK, FSB",7.289493932,187816.4995,195,83.67166469,97.0151967,1,59.48274319,392.8480691,N,P,1,P,CA,447,8.197177748,FRM,420.6067159,1,N,1
R,WELLS FARGO BANK,6.266364975,296736.5985,195,85.18773247,87.63990499,1,54.16509528,330.1428505,Y,P,1,P,LA,652,5.242579911,FRM,338.3315536,1,N,1
C,FRANKLIN AMERICAN MORTGAGE COMPANY,7.45852236,86079.76638,195,83.56311534,116.8539217,1,54.4380903,309.4989,N,P,2,P,NY,748,7.400441683,FRM,429.0869646,1,N,1
R,WELLS FARGO BANK,7.526378485,111235.884,195,82.95602376,102.4533702,1,47.77463783,482.5724651,N,P,2,P,MO,624,4.858441562,FRM,495.9120747,1,N,1
C,"FLAGSTAR BANK, FSB",5.11713034,239931.3199,195,85.72050229,98.45906482,1,49.50408904,331.4207778,N,P,1,P,AZ,524,8.175846664,FRM,398.6736433,1,N,1
C,WELLS FARGO BANK,5.748373235,274280.5552,195,81.73059977,100.5954518,1,63.84716451,445.1319501,Y,P,2,P,WV,497,5.973143955,FRM,318.1227829,1,N,1
R,WELLS FARGO BANK,7.865821897,260429.8903,195,81.52701339,86.64021446,1,48.88558056,448.0383221,Y,P,2,P,CA,60,4.464472832,FRM,427.1744106,1,N,1
C,STONEGATE MORTGAGE CORPORATION,6.177048003,135640.8207,195,84.49802018,119.9652611,1,59.4066497,316.8676506,N,P,2,P,ND,300,3.068205531,FRM,455.9815394,1,N,1
C,WELLS FARGO BANK,6.482879495,27465.43516,195,81.9107121,100.3843555,1,46.16487944,304.7118814,Y,P,3,P,GU,469,2.990714871,FRM,484.236559,1,N,1
R,STONEGATE MORTGAGE CORPORATION,5.594741527,167601.2221,195,87.82289336,90.45987343,1,52.86776835,441.1825142,Y,P,3,P,DC,772,2.194357545,FRM,395.6546195,1,N,1
C,DITECH FINANCIAL LLC,5.172576289,247821.6213,195,87.42749236,105.1604136,1,53.2428736,419.5484415,N,P,1,P,IN,209,4.949163251,FRM,487.9344224,1,N,1
C,STONEGATE MORTGAGE CORPORATION,5.479081392,108226.5819,195,87.60292465,90.49405538,1,58.52478221,377.8242138,Y,C,2,P,CA,674,1.434956459,FRM,359.5932857,1,N,1
R,WELLS FARGO BANK,6.458883751,22490.76432,195,82.53134016,101.2388992,1,63.87522334,367.5938389,Y,P,1,P,MO,369,9.081195022,FRM,350.8747526,1,N,1
R,STONEGATE MORTGAGE CORPORATION,7.028657299,84971.34524,195,80.60525967,87.16920903,1,50.65718015,347.4668709,N,P,3,P,IL,268,8.500952938,FRM,481.6712357,1,N,1
R,FRANKLIN AMERICAN MORTGAGE COMPANY,6.732203651,98724.4389,195,81.86048468,89.31535626,1,60.54993781,362.8388417,N,P,1,P,IL,470,8.407034894,FRM,472.6149502,1,N,1
R,WELLS FARGO BANK,7.351281844,155772.4275,195,80.30019271,112.4586545,1,45.13370994,310.8236749,Y,P,2,P,GU,145,6.104599494,FRM,449.0185343,1,N,1
C,WELLS FARGO BANK,5.187589842,194570.551,195,82.35391563,94.78995944,1,60.76071641,459.8742131,Y,C,1,P,NY,322,8.52533951,FRM,369.1008315,1,N,1
R,WELLS FARGO BANK,7.023116676,229149.1245,195,83.90952921,119.6407437,1,46.70910099,318.5019494,N,P,2,P,NY,170,9.938389222,FRM,419.1602561,1,N,1
R,FRANKLIN AMERICAN MORTGAGE COMPANY,7.03992455,63963.07482,195,83.83828548,86.46176947,1,59.15430168,380.8374652,Y,P,3,P,KS,261,7.631202257,FRM,304.6028557,1,N,1
C,FRANKLIN AMERICAN MORTGAGE COMPANY,5.472567935,239038.9159,195,86.54161041,91.65503721,1,49.80326852,499.5834028,Y,C,2,P,MO,786,3.092247474,FRM,397.0891335,1,N,1
R,WELLS FARGO BANK,6.050394212,52884.2127,195,80.68426761,112.2499183,1,55.93757111,342.4426358,Y,P,2,P,MN,120,8.77918999,FRM,475.8306442,1,N,1
C,WELLS FARGO BANK,5.766779456,141784.8579,195,85.14222965,116.8247299,1,44.04048294,413.4758256,Y,P,2,P,GU,626,2.867414228,FRM,356.0395846,1,N,1
C,"FLAGSTAR BANK, FSB",5.309518269,148690.8211,195,88.3257369,99.95248813,1,46.21487451,376.072252,Y,P,2,P,ID,597,3.409837889,FRM,366.0345819,1,N,1
R,FRANKLIN AMERICAN MORTGAGE COMPANY,5.995908681,175831.8998,195,81.52750399,85.45152118,1,51.39306741,321.8444811,Y,P,3,P,DC,544,8.434979693,FRM,368.4562908,1,N,1
C,WELLS FARGO BANK,7.364493838,214640.1176,195,80.81288979,91.3004364,1,52.58892023,406.1507328,N,P,2,P,DC,499,8.310490419,FRM,432.0828324,1,N,1
R,WELLS FARGO BANK,6.798516816,51967.93214,195,82.17099544,93.44736072,1,43.69351289,362.1162747,Y,P,1,P,NY,704,8.274271068,FRM,473.8388996,1,N,1
R,WELLS FARGO BANK,6.12605823,140648.2999,195,81.49803954,119.7565786,1,44.5787536,473.3710403,Y,P,1,P,ME,702,2.503320794,FRM,407.5543564,1,N,1
R,FRANKLIN AMERICAN MORTGAGE COMPANY,7.650954909,152217.5472,195,80.53248631,111.5320452,1,63.59784329,398.6736433,Y,P,3,P,IL,592,8.845800206,FRM,401.2168491,1,N,1
R,WELLS FARGO BANK,5.063053873,244326.6505,195,80.59000978,97.15830017,1,47.63465294,420.5595675,Y,P,1,P,GU,511,3.250901906,FRM,310.3404982,1,N,1
C,FRANKLIN AMERICAN MORTGAGE COMPANY,6.331229342,200130.6538,195,80.20095425,110.2850922,1,55.89182314,410.1599275,Y,P,2,P,ND,50,9.768812699,FRM,483.1441771,1,N,1
R,STONEGATE MORTGAGE CORPORATION,5.036714385,113963.9935,195,82.34715124,111.5576039,1,44.49701172,401.8508059,Y,P,3,P,MA,112,6.954443387,FRM,437.108946,1,N,1
R,FRANKLIN AMERICAN MORTGAGE COMPANY,5.002163241,274817.9501,195,87.84134615,114.4220896,1,56.41309529,372.6514951,N,P,1,P,VT,734,5.82537123,FRM,348.812917,1,N,1
C,FRANKLIN AMERICAN MORTGAGE COMPANY,5.268578405,139023.2369,195,85.76314895,85.57894237,1,43.39789935,332.8295788,N,P,3,P,ND,309,6.221171956,FRM,367.3305853,1,N,1
C,WELLS FARGO BANK,5.307688294,190635.2489,195,86.42497506,100.5147997,1,59.64224867,483.1533488,N,P,1,P,CT,335,5.850530108,FRM,389.1496175,1,N,1
C,WELLS FARGO BANK,7.605419628,86643.04649,195,85.57782031,97.52361881,1,51.19109393,314.2486319,Y,P,4,P,WA,220,5.463907848,FRM,498.7446342,1,N,1
C,FRANKLIN AMERICAN MORTGAGE COMPANY,6.688693146,92022.08108,195,81.28153572,117.9819328,1,49.33414855,306.466147,N,P,4,P,ND,405,5.489145953,FRM,492.8333845,1,N,1
C,FRANKLIN AMERICAN MORTGAGE COMPANY,5.004000182,35222.35726,195,86.1185721,99.27063309,1,59.61599696,300.0265472,Y,P,1,P,NC,642,4.025476495,FRM,479.7222859,1,N,1
R,WELLS FARGO BANK,6.384789517,17316.8205,195,84.95494656,118.8707513,1,48.59001483,452.4591218,Y,P,2,P,NY,610,5.271817966,FRM,494.4379873,1,N,1
R,WELLS FARGO BANK,7.683206193,183431.9498,195,87.97022203,99.74948895,1,53.32030759,481.1633615,Y,C,2,P,GU,486,2.888140868,FRM,418.8575728,1,N,1
R,WELLS FARGO BANK,7.88497651,195065.9414,195,87.07603273,95.50660498,1,60.31542032,462.4372654,N,P,1,P,IL,569,3.304734005,FRM,357.6318579,1,N,1
R,WELLS FARGO BANK,7.979170926,265481.1493,195,82.46520584,116.4457509,1,56.77616174,483.9322547,N,P,2,P,VI,283,6.101451369,FRM,458.3818843,1,N,1
R,WELLS FARGO BANK,5.542907197,133850.5759,195,80.55440575,101.0230932,1,45.83271046,406.4808603,Y,P,1,P,MT,114,4.901974911,FRM,330.7204226,1,N,1
C,"FLAGSTAR BANK, FSB",6.003408535,185630.6998,195,84.9760959,104.2362857,1,53.76174636,454.3088073,N,C,3,P,WI,391,5.190363366,FRM,481.1633615,1,Y,1
C,FRANKLIN AMERICAN MORTGAGE COMPANY,6.811803251,61058.02616,195,87.49720868,110.4364656,1,56.99567838,480.8755907,N,P,1,P,NE,167,3.484612913,FRM,482.8829289,1,N,1
C,WELLS FARGO BANK,5.551249418,279647.1263,195,81.00533269,85.42639859,1,47.57473702,437.2775905,N,P,1,P,DC,85,6.154510473,FRM,386.5605076,1,N,1
C,FRANKLIN AMERICAN MORTGAGE COMPANY,5.997149097,65885.02165,195,86.69814673,115.2809297,1,45.10586691,373.2398384,Y,P,2,P,NM,31,3.192585552,FRM,327.9452933,1,N,1
C,WELLS FARGO BANK,6.001002884,205818.6431,195,83.33415841,109.2271398,1,51.27605883,399.5319511,N,P,1,P,NY,269,4.578187458,FRM,330.1779731,1,N,1
C,DITECH FINANCIAL LLC,5.599041589,65782.11604,195,87.39164458,114.0362998,1,46.80853979,359.3760864,N,P,2,P,CA,689,5.109341343,FRM,472.470291,1,N,1
C,"FLAGSTAR BANK, FSB",7.805514649,173252.812,195,87.76995879,102.4518875,1,58.44006775,488.1851985,N,P,1,P,HI,585,9.932851719,FRM,492.0452351,1,N,1
R,WELLS FARGO BANK,7.709666138,89705.15802,195,87.4853862,103.0402659,1,45.15635863,454.7667422,Y,P,2,P,MA,241,4.216182063,FRM,300.0265472,1,N,1
R,FRANKLIN AMERICAN MORTGAGE COMPANY,7.262254574,95012.55655,195,87.04414069,119.3572348,1,62.17150497,320.4137809,Y,P,1,P,ID,108,8.215594147,FRM,430.6597437,1,N,1
C,"FLAGSTAR BANK, FSB",7.748299731,135790.9172,195,85.0734914,104.0207522,1,61.41783176,399.509168,N,C,2,P,GA,471,8.688633651,FRM,315.0106919,1,N,1
C,STONEGATE MORTGAGE CORPORATION,6.787568166,186111.4775,195,86.39232574,94.4679031,1,44.14922608,325.1062096,Y,P,3,P,VA,689,7.731113228,FRM,428.7106948,1,N,1
R,FRANKLIN AMERICAN MORTGAGE COMPANY,7.343308668,213404.2193,195,86.27460503,90.31856822,1,55.38907236,356.0395846,Y,P,1,P,ID,238,1.391907285,FRM,392.6000996,1,N,1
R,STONEGATE MORTGAGE CORPORATION,5.929176598,262640.1906,195,81.53415109,88.73469809,1,62.82626342,302.1623725,N,C,1,P,MN,806,6.000557665,FRM,332.8295788,1,N,1
R,WELLS FARGO BANK,6.13930383,108156.1342,195,85.97168773,117.2423992,1,44.57402559,360.5632352,Y,P,2,P,MI,747,7.328642184,FRM,321.0576952,1,N,1
R,STONEGATE MORTGAGE CORPORATION,7.872871371,142254.6006,195,84.32133291,94.51589757,1,55.09510532,359.0072261,Y,P,3,P,MD,786,1.30503448,FRM,357.614062,1,N,1
C,FRANKLIN AMERICAN MORTGAGE COMPANY,5.459624108,36477.28504,195,82.31757904,103.6162366,1,50.41599113,312.2365116,N,P,1,P,ND,369,9.143499097,FRM,462.367725,1,N,1
C,"FLAGSTAR BANK, FSB",7.432237946,75775.20147,195,82.43444769,106.2901118,1,49.64496426,421.3572695,N,P,3,P,DC,260,9.884731369,FRM,479.4199493,1,N,1
R,FRANKLIN AMERICAN MORTGAGE COMPANY,6.845156297,24189.63324,195,81.97388623,118.9817856,1,55.72705301,409.1828855,Y,P,1,P,NE,308,5.348315218,FRM,373.2179209,1,N,1
R,FRANKLIN AMERICAN MORTGAGE COMPANY,5.972329607,53085.59317,195,87.05076915,108.2322953,1,49.5526115,448.0123529,Y,P,1,P,PR,542,2.135251318,FRM,440.9298974,1,N,1
R,FRANKLIN AMERICAN MORTGAGE COMPANY,5.259261402,281129.8381,195,87.95780776,118.5932787,1,60.93125848,396.6234026,Y,P,2,P,GU,607,6.954954703,FRM,421.6726185,1,N,1
C,FRANKLIN AMERICAN MORTGAGE COMPANY,7.853511592,150651.8198,195,88.09673584,99.14143353,1,49.10661318,340.2891515,N,C,2,P,CA,399,2.440646677,FRM,457.5410493,1,N,1
R,"FLAGSTAR BANK, FSB",5.007758881,89472.91384,195,83.71974883,101.5324696,1,43.29774536,405.6290853,Y,P,1,P,TX,637,3.224395741,FRM,403.6124792,1,N,1
R,WELLS FARGO BANK,6.364558158,276233.9427,195,85.4017492,93.56357041,1,57.77710797,416.5372947,Y,P,3,P,NV,381,5.327995225,FRM,310.0260243,1,N,1
R,STONEGATE MORTGAGE CORPORATION,7.402884767,279070.3766,195,86.87145618,86.24178734,1,53.20555104,380.7078645,N,P,2,P,DC,570,9.528616309,FRM,484.1217781,1,N,1
C,WELLS FARGO BANK,6.959742853,129592.9782,195,87.2136469,118.9465611,1,61.32938248,331.2532007,N,P,3,P,NH,96,4.075492804,FRM,464.1811468,1,N,1
R,"FLAGSTAR BANK, FSB",5.957584662,184862.524,195,86.1911043,97.54387944,1,60.86155175,414.593547,Y,P,1,P,AR,660,8.282485507,FRM,343.6909481,1,N,1
C,FRANKLIN AMERICAN MORTGAGE COMPANY,7.444075186,76661.17657,195,83.54862566,103.6115337,1,57.95658898,461.0086645,Y,C,2,P,MS,491,8.540692046,FRM,496.8861673,1,N,1
R,"FLAGSTAR BANK, FSB",6.076422216,120416.9564,195,83.83118693,99.42652585,1,43.43605148,472.1901955,Y,P,2,P,GU,95,6.675658127,FRM,410.6049684,1,N,1
R,WELLS FARGO BANK,7.414183242,230621.1691,195,84.93392178,97.06513939,1,63.65613789,477.5369914,Y,P,4,P,RI,573,6.851081408,FRM,368.5656669,1,N,1
R,WELLS FARGO BANK,7.558008901,102105.0449,195,80.97006141,88.83719729,1,51.56096684,338.1238214,N,P,3,P,WY,669,6.849532794,FRM,320.4137809,1,N,1
R,STONEGATE MORTGAGE CORPORATION,7.959936094,27048.85363,195,85.73883532,102.232779,1,60.85730289,349.6072955,N,P,3,P,CA,322,1.556599409,FRM,367.8952022,1,N,1
C,WELLS FARGO BANK,7.559906873,206791.3158,195,86.06816619,96.44338994,1,52.91029917,304.8027719,N,P,1,P,NV,751,8.604515047,FRM,443.0981016,1,N,1
C,FRANKLIN AMERICAN MORTGAGE COMPANY,7.264390473,78639.81511,195,80.27766895,104.4340622,1,50.78377444,433.7393755,Y,P,2,P,PA,199,3.018156369,FRM,305.028393,1,N,1
R,WELLS FARGO BANK,5.412119008,248289.1328,195,86.68974016,115.9917386,1,49.60269557,416.5545036,N,C,2,P,WA,694,5.436049463,FRM,472.4222744,1,N,1
C,WELLS FARGO BANK,5.130741262,261740.6181,195,84.49135271,109.1225685,1,63.15438978,480.0967242,Y,C,1,P,TX,658,6.173736149,FRM,367.6753537,1,N,1
R,WELLS FARGO BANK,6.079211572,241909.0458,195,84.34340862,95.20190525,1,54.67402186,375.5200318,Y,P,3,P,NE,758,7.2452505,FRM,442.5886081,1,N,1
R,WELLS FARGO BANK,5.140176033,297963.8167,195,80.6880096,108.06111,1,48.4370637,486.0130034,N,P,1,P,ID,514,5.410855289,FRM,307.3817643,1,N,1
C,WELLS FARGO BANK,5.435963254,63041.20196,195,80.66323571,116.0539972,1,44.16869567,400.3907409,N,C,4,P,NY,360,4.675153551,FRM,404.3861817,1,N,1
R,FRANKLIN AMERICAN MORTGAGE COMPANY,7.767300482,200260.9064,195,81.78217359,114.8207924,1,58.99268131,336.1276457,N,P,3,P,FL,193,1.97827036,FRM,334.4169155,1,N,1
C,FRANKLIN AMERICAN MORTGAGE COMPANY,6.468891639,196487.5809,195,82.44260882,103.4959095,1,57.47599995,479.4199493,N,C,2,P,IA,583,6.091277325,FRM,381.883546,1,N,1
R,WELLS FARGO BANK,7.696689519,140826.6719,195,87.76693736,115.5008922,1,54.06263553,302.8440496,N,P,2,P,LA,487,6.070859063,FRM,366.4636487,1,N,1
C,WELLS FARGO BANK,6.271510583,104430.6151,195,83.33162459,86.15143292,1,61.9385732,399.8795003,Y,P,4,P,ME,275,4.378451922,FRM,405.0073002,1,N,1
C,WELLS FARGO BANK,7.621263922,291167.6645,195,84.49886835,87.29582545,1,44.98704935,316.1932181,N,P,3,P,MO,409,6.26039953,FRM,329.4425631,1,N,1
R,"FLAGSTAR BANK, FSB",5.064080767,40725.15466,195,86.09959457,85.9757941,1,56.91435239,398.4302394,N,P,3,P,NE,311,5.580899865,FRM,499.5834028,1,N,1
R,WELLS FARGO BANK,5.516489644,36540.48011,195,87.96811631,105.6909313,1,54.62482579,483.0989187,N,P,2,P,ND,635,4.513843316,FRM,335.7442476,1,N,1
R,WELLS FARGO BANK,7.777514412,298060.5815,195,83.4771383,114.3519782,1,58.48568225,328.631227,Y,C,1,P,NH,220,4.012092865,FRM,364.4509128,1,N,1
C,WELLS FARGO BANK,7.193428786,57539.30863,195,84.93506922,98.97539815,1,59.63602547,398.1853984,N,P,2,P,RI,484,1.222118861,FRM,462.4372654,1,N,1
R,FRANKLIN AMERICAN MORTGAGE COMPANY,7.526772513,88272.68446,195,80.74706257,94.27362002,1,49.08554218,485.7406422,Y,P,1,P,DC,30,1.93618355,FRM,337.5285468,1,N,1
R,WELLS FARGO BANK,6.29479286,242863.8321,195,88.49325159,96.15340732,1,62.86249948,330.1544618,N,P,2,P,DC,81,8.47206849,FRM,453.8205148,1,N,1
C,FRANKLIN AMERICAN MORTGAGE COMPANY,5.175328146,232033.6253,195,82.56112359,96.19721498,1,59.95349003,487.0042546,N,C,3,P,ND,135,2.376686162,FRM,318.5019494,1,N,1
R,STONEGATE MORTGAGE CORPORATION,6.973205848,64779.84106,195,83.45634369,98.17430082,1,63.64548147,337.6775546,Y,P,1,P,CA,676,5.741389466,FRM,416.323722,1,N,1
R,WELLS FARGO BANK,7.04320167,94311.51919,195,83.97104435,86.20551394,1,61.07436805,385.6666821,Y,P,1,P,WI,41,9.395048987,FRM,455.8206986,1,N,1
C,STONEGATE MORTGAGE CORPORATION,7.073409469,147474.3529,195,84.22776458,109.6276387,1,60.99335382,366.080953,Y,P,4,P,GU,652,7.099155845,FRM,386.0359932,1,N,1
C,WELLS FARGO BANK,5.122568423,206055.8395,195,86.54428533,104.5012451,1,53.54523859,346.2836463,Y,C,2,P,MT,611,8.262025325,FRM,335.1353171,1,N,1
R,STONEGATE MORTGAGE CORPORATION,7.107893047,260318.1933,195,82.80099503,116.211435,1,45.28061749,410.598413,N,C,2,P,ND,188,8.398081822,FRM,395.54782,1,N,1
R,FRANKLIN AMERICAN MORTGAGE COMPANY,5.616275075,190746.3309,195,82.60308905,112.088487,1,61.42870279,483.9588624,N,P,1,P,MN,760,8.416706092,FRM,482.6496172,1,N,1
C,FRANKLIN AMERICAN MORTGAGE COMPANY,7.307437492,240815.2973,195,81.81266279,91.74507449,1,57.31779394,357.614062,N,P,2,P,RI,239,3.141191238,FRM,496.650149,1,N,1
C,"FLAGSTAR BANK, FSB",7.599851141,106542.9811,195,86.64477101,88.02517419,1,62.349697,321.09566,N,C,3,P,GU,350,2.233818919,FRM,335.1675845,1,N,1
R,FRANKLIN AMERICAN MORTGAGE COMPANY,6.360272928,9949.728487,195,80.84573099,118.3300416,1,43.47370809,371.1852432,N,P,1,P,MD,205,5.885453418,FRM,445.1004987,1,N,1
R,"FLAGSTAR BANK, FSB",5.926445735,98642.90481,195,85.53586792,91.32214675,1,45.60579473,390.159469,Y,C,1,P,DC,663,2.95121454,FRM,494.7771194,1,N,1
C,WELLS FARGO BANK,7.059529581,52277.54046,195,80.11233707,94.81659644,1,53.74238846,382.904035,N,P,1,P,NC,45,7.526682348,FRM,372.4100205,1,N,1
C,WELLS FARGO BANK,7.556390333,118701.6489,195,85.69991651,112.6053268,1,53.25192245,327.490953,N,P,3,P,OK,536,4.20358067,FRM,305.0789254,1,N,1
C,DITECH FINANCIAL LLC,5.711691027,202176.9364,195,82.18297526,96.7736711,1,59.24570928,326.6447836,Y,P,1,P,ME,709,7.873063267,FRM,445.1139308,1,N,1
C,STONEGATE MORTGAGE CORPORATION,6.283524411,37942.1994,195,87.72802366,108.7885508,1,55.41844917,476.1242622,Y,P,1,P,GU,457,2.551652794,FRM,340.2891515,1,N,1
R,"FLAGSTAR BANK, FSB",6.651788262,105485.1727,195,83.07065665,107.5927979,1,63.40536596,329.4425631,N,P,1,P,VI,625,5.97762943,FRM,336.1276457,1,N,1
R,STONEGATE MORTGAGE CORPORATION,5.929815001,294881.1805,195,85.1721643,88.44423861,1,60.84620458,419.1602561,Y,P,2,P,GU,289,2.067180283,FRM,466.5080341,1,N,1
R,WELLS FARGO BANK,7.203696788,94024.05339,195,82.70955074,92.77183147,1,62.70793632,392.2269192,Y,P,2,P,LA,607,8.537343027,FRM,445.9934968,1,N,1
C,WELLS FARGO BANK,5.037003456,214223.1806,195,81.07457639,87.28830685,1,46.35077563,438.5268399,N,P,3,P,MI,453,4.922512982,FRM,347.9660164,1,N,1
R,WELLS FARGO BANK,7.264160972,244691.3143,195,84.84219835,106.5264134,1,51.82703341,488.6320255,N,C,3,P,GU,465,1.357690647,FRM,330.1428505,1,N,1
C,"FLAGSTAR BANK, FSB",7.068727857,258478.998,195,85.49674265,104.0070772,1,61.51384095,407.8421273,Y,C,1,P,AL,462,5.307687133,FRM,304.9223297,1,N,1
C,FRANKLIN AMERICAN MORTGAGE COMPANY,5.69446087,166604.3686,195,85.49414448,85.07475571,1,46.91029175,432.702679,N,C,1,P,AL,327,7.453940649,FRM,321.8444811,1,N,1
C,FRANKLIN AMERICAN MORTGAGE COMPANY,5.524069572,127110.9126,195,83.33158696,112.1968078,1,59.1791135,406.9528065,Y,P,2,P,NY,226,7.567640216,FRM,406.9528065,1,N,1
R,"FLAGSTAR BANK, FSB",5.269972376,195729.7378,195,86.07404576,97.1266291,1,59.69854241,394.7581086,N,P,1,P,IA,283,1.014694992,FRM,398.1853984,1,N,1
R,WELLS FARGO BANK,5.458683539,222791.132,195,81.92834325,111.2187415,1,48.72531409,481.3319547,N,C,1,P,FL,605,3.537129697,FRM,372.2703024,1,N,1
R,WELLS FARGO BANK,7.912522767,144693.8588,195,82.06718871,94.30380388,1,58.23409719,496.650149,N,C,4,P,MS,409,2.739156152,FRM,469.1536684,1,N,1
C,WELLS FARGO BANK,7.833204994,138535.4047,195,84.05101074,87.19312329,1,49.09689985,440.9446233,Y,P,1,P,AZ,765,9.018404095,FRM,409.3007243,1,N,1
C,FRANKLIN AMERICAN MORTGAGE COMPANY,5.785131497,110512.9371,195,84.82743998,100.2395772,1,55.70440383,491.2631233,Y,P,2,P,AZ,356,9.566903097,FRM,364.9472628,1,N,1
C,"FLAGSTAR BANK, FSB",6.722348111,80376.69287,195,88.23465728,100.1914979,1,55.34672295,352.715537,Y,P,1,P,IA,547,5.728564884,FRM,474.107429,1,N,1
R,WELLS FARGO BANK,6.323360942,177391.4222,195,80.73659633,114.0672054,1,50.94034121,329.536626,N,P,3,P,SD,381,2.100252766,FRM,499.576703,1,N,1
C,WELLS FARGO BANK,7.280391725,188019.2724,195,87.96183868,98.04191542,1,45.26191695,372.2703024,Y,P,1,P,MN,183,2.601157032,FRM,377.0373839,1,N,1
C,FRANKLIN AMERICAN MORTGAGE COMPANY,6.111550263,285937.2001,195,82.47755924,116.8479294,1,47.5916147,354.4123126,N,P,2,P,MT,44,3.781477104,FRM,448.8670439,1,N,1
C,WELLS FARGO BANK,6.479638286,135650.6072,195,87.77681647,110.747159,1,61.73521513,349.2345924,N,C,1,P,NJ,67,3.890922908,FRM,382.904035,1,N,1
C,FRANKLIN AMERICAN MORTGAGE COMPANY,5.270011308,253863.6763,195,81.27964862,100.1257306,1,43.18592291,318.2211783,Y,P,1,P,DC,233,9.866459263,FRM,335.1951649,1,N,1
C,WELLS FARGO BANK,7.306165398,178012.6792,195,84.58491925,108.2964928,1,45.00377955,410.2695373,N,P,4,P,SC,620,8.028393366,FRM,367.589206,1,N,1
R,DITECH FINANCIAL LLC,6.36404294,235729.6429,195,85.49038347,115.6125788,1,62.20529858,403.5301325,Y,P,2,P,KS,735,2.175642662,FRM,466.7008972,1,N,1
C,"FLAGSTAR BANK, FSB",5.838806374,279634.0212,195,83.05128089,116.5674995,1,58.04577888,424.0493413,N,P,4,P,DC,545,6.26014915,FRM,405.9675487,1,N,1
C,FRANKLIN AMERICAN MORTGAGE COMPANY,5.961911516,190262.8076,195,84.92532753,93.4435075,1,50.19417006,451.6225447,Y,P,1,P,CA,156,9.346967239,FRM,376.072252,1,N,1
C,WELLS FARGO BANK,7.289392104,94527.85269,195,86.82203233,90.26529866,1,44.33947684,499.9291392,Y,P,1,P,HI,549,6.529920927,FRM,437.119014,1,N,1
C,FRANKLIN AMERICAN MORTGAGE COMPANY,7.643046462,153797.3318,195,85.31228661,114.3158049,1,44.40880505,393.347658,N,P,2,P,ND,627,4.913380211,FRM,315.9012245,1,N,1
R,WELLS FARGO BANK,5.592907655,76977.57221,195,88.33392758,112.583746,1,49.97674955,449.0185343,Y,P,2,P,IA,747,7.666581376,FRM,357.9095089,1,N,1
R,WELLS FARGO BANK,5.123086466,261468.5831,195,84.61714715,103.3981214,1,58.96324578,475.3031936,N,P,2,P,IL,116,2.465878233,FRM,365.6557148,1,N,1
R,WELLS FARGO BANK,5.713868793,101038.9227,195,82.57648849,99.26971422,1,58.256049,301.9208841,Y,P,2,P,AZ,504,8.545196207,FRM,480.8755907,1,N,1
C,DITECH FINANCIAL LLC,7.850093111,73109.58495,195,87.36489313,96.36092928,1,44.86668857,484.8223952,N,P,1,P,ID,207,8.542170477,FRM,374.7604217,1,N,1
R,FRANKLIN AMERICAN MORTGAGE COMPANY,7.875413808,164576.5623,195,83.24611837,107.9897755,1,58.33170315,498.3664814,N,P,1,P,ID,204,4.951583963,FRM,481.3086266,1,N,1
R,STONEGATE MORTGAGE CORPORATION,6.124617167,198293.9567,195,84.64532227,107.2516903,1,61.12005899,498.4434376,N,P,1,P,MN,337,6.071551603,FRM,385.6666821,1,N,1
R,FRANKLIN AMERICAN MORTGAGE COMPANY,5.866556447,145437.8173,195,85.88381148,85.50824818,1,58.9644739,416.3413849,Y,P,2,P,KS,342,2.055822392,FRM,334.1108516,1,N,1
R,WELLS FARGO BANK,7.201852334,228307.1324,195,85.18070355,88.47147026,1,53.52694648,368.5656669,N,C,1,P,GU,425,3.618591808,FRM,405.0234171,1,N,1
R,WELLS FARGO BANK,7.21741017,178086.6648,195,84.8526283,111.0902145,1,46.88056238,489.5600714,N,P,2,P,IN,371,6.839958039,FRM,307.5561182,1,N,1
R,FRANKLIN AMERICAN MORTGAGE COMPANY,6.718283839,129913.0316,195,82.15402012,89.41202499,1,43.25210624,341.5125657,Y,P,3,P,RI,688,4.6971678,FRM,454.7667422,1,Y,1
R,FRANKLIN AMERICAN MORTGAGE COMPANY,6.309792022,227528.5318,195,86.81997902,104.8520273,1,56.84136844,450.287855,N,C,1,P,FL,180,7.80782734,FRM,491.9241007,1,N,1
R,FRANKLIN AMERICAN MORTGAGE COMPANY,5.614620504,21172.10428,195,82.20630609,86.86795818,1,55.43691125,403.8970595,N,P,1,P,OR,748,1.060070689,FRM,420.7351313,1,Y,1
R,FRANKLIN AMERICAN MORTGAGE COMPANY,6.244391014,2993.82461,195,81.26800635,90.42192662,1,55.39905278,426.8009972,N,P,3,P,NC,72,7.21074605,FRM,383.6471304,1,N,1
R,WELLS FARGO BANK,5.498208266,267339.3918,195,82.34519859,104.0487577,1,52.26931921,438.2939818,N,P,2,P,OR,465,2.419318188,FRM,483.0989187,1,Y,1
C,WELLS FARGO BANK,5.51280224,290805.2513,195,81.08816852,88.06842003,1,61.72452734,343.7111173,Y,P,1,P,AZ,430,1.308717665,FRM,487.8517202,1,N,1
C,WELLS FARGO BANK,5.071937477,206574.1542,195,85.62162763,102.8366276,1,48.441828,386.6477535,Y,P,2,P,AZ,463,2.797635006,FRM,408.0045693,1,N,1
C,"FLAGSTAR BANK, FSB",7.489931636,218776.8614,195,80.77584746,89.54211427,1,44.45280021,323.7891782,Y,P,1,P,ND,521,9.398891299,FRM,424.3409611,1,Y,1
C,FRANKLIN AMERICAN MORTGAGE COMPANY,7.89924832,141513.1241,195,81.08474934,85.04515779,1,43.00172755,386.2199401,Y,P,1,P,ND,216,5.675005821,FRM,413.1001577,1,N,1
R,WELLS FARGO BANK,5.012513984,63818.37684,195,81.81269809,97.93529763,1,50.80054037,377.0373839,N,P,2,P,GU,697,3.542139343,FRM,303.0345613,1,Y,1
C,WELLS FARGO BANK,5.817967247,88508.39416,195,81.66164039,102.3408217,1,55.08377372,346.3290097,Y,C,1,P,KS,688,4.422818842,FRM,384.9202318,1,N,1
R,FRANKLIN AMERICAN MORTGAGE COMPANY,7.675203322,26121.92734,195,83.93316331,111.5943131,1,56.43175639,479.9418866,Y,P,1,P,IL,630,8.454818318,FRM,333.5265623,1,N,1
R,DITECH FINANCIAL LLC,7.614825175,43017.96546,195,81.6042537,110.1111859,1,43.22589732,358.1127162,N,P,1,P,IL,735,7.969258038,FRM,366.2534833,1,N,1
C,WELLS FARGO BANK,6.710842296,173106.5322,195,83.31025124,98.53173193,1,45.80505249,499.8577646,Y,P,1,P,ND,115,5.378850269,FRM,376.5391962,1,N,1
R,FRANKLIN AMERICAN MORTGAGE COMPANY,6.511834139,118677.118,195,84.40450224,96.67878199,1,48.65055468,386.0359932,Y,P,3,P,KS,766,9.475658028,FRM,412.1406141,1,N,1
C,"FLAGSTAR BANK, FSB",7.958414988,86951.1662,195,83.40727857,95.23177711,1,46.38214247,349.1203495,Y,P,3,P,IL,82,5.823619656,FRM,309.07714,1,N,1
R,WELLS FARGO BANK,7.633858663,133536.6615,195,81.86645985,106.8299213,1,52.99472628,459.3915694,Y,P,2,P,ND,130,5.33051512,FRM,400.680531,1,N,1
R,FRANKLIN AMERICAN MORTGAGE COMPANY,7.693692355,95416.01546,195,86.90198973,119.2841972,1,56.8947083,328.2081496,N,P,4,P,OK,57,2.744376163,FRM,408.3592808,1,N,1
R,FRANKLIN AMERICAN MORTGAGE COMPANY,6.118634619,134574.3684,195,85.70866712,86.21909211,1,63.3169593,367.3305853,N,P,3,P,MT,397,4.222917832,FRM,381.4209581,1,Y,1
C,FRANKLIN AMERICAN MORTGAGE COMPANY,7.804925417,101823.7391,195,82.21656825,109.4542838,1,47.25567406,412.1406141,Y,P,2,P,MD,112,8.721610607,FRM,413.4796449,1,N,1
R,WELLS FARGO BANK,7.806808835,97663.06065,195,84.30207871,91.20338082,1,55.62300463,456.7453993,N,P,1,P,GU,143,6.28885209,FRM,379.6392898,1,N,1
R,FRANKLIN AMERICAN MORTGAGE COMPANY,6.411154113,246880.7712,195,87.57389251,115.9327253,1,50.30508763,405.0073002,Y,P,1,P,CA,107,8.885937477,FRM,389.1340097,1,N,1
C,WELLS FARGO BANK,7.200396014,213204.0097,195,88.08715356,109.2703183,1,47.70390027,452.0464274,Y,P,1,P,ME,484,6.303236868,FRM,362.1162747,1,N,1
R,WELLS FARGO BANK,7.268848962,188388.1038,195,85.55163354,91.75557622,1,62.14249212,323.8965032,N,P,2,P,AR,353,7.211773518,FRM,331.486304,1,N,1
C,"FLAGSTAR BANK, FSB",5.365126943,3945.538529,195,83.7797461,86.42100704,1,60.280284,460.2061599,N,P,3,P,CO,286,5.190289653,FRM,362.9875192,1,N,1
C,"FLAGSTAR BANK, FSB",6.179303413,282139.5216,195,81.41581181,98.70426078,1,63.57508721,340.6466868,N,P,2,P,FL,664,7.69547817,FRM,368.8396637,1,N,1
C,WELLS FARGO BANK,6.06695971,116125.2203,195,80.73072726,111.4449522,1,53.41488657,416.843559,N,C,1,P,CA,310,2.550293153,FRM,352.6012129,1,N,1
R,WELLS FARGO BANK,6.184120287,160651.7372,195,82.69551703,88.53423933,1,63.11893909,362.0887824,N,C,2,P,MD,612,8.284831918,FRM,375.7379978,1,N,1
C,WELLS FARGO BANK,7.263209055,81410.69249,195,81.42140821,110.2092501,1,62.31426874,342.2727096,N,P,1,P,NH,197,4.045969438,FRM,431.8247121,1,N,1
C,WELLS FARGO BANK,6.51291869,73022.57931,195,85.11298822,102.5979458,1,45.14759006,472.1548282,N,P,1,P,MI,673,9.695253032,FRM,409.6679992,1,N,1
C,WELLS FARGO BANK,7.72413707,139905.384,195,87.12364035,108.895275,1,56.68040794,492.3981131,N,P,1,P,GU,441,8.535408061,FRM,473.3710403,1,N,1
C,DITECH FINANCIAL LLC,7.378020609,169295.0798,195,83.46422731,90.23691535,1,61.27886942,440.9298974,Y,P,2,P,KY,523,1.031393491,FRM,306.5883825,1,N,1
C,WELLS FARGO BANK,5.096541589,255384.9515,195,82.1919571,86.35632599,1,43.44623569,481.8878125,Y,P,2,P,DC,96,3.091769352,FRM,327.6753691,1,N,1
R,WELLS FARGO BANK,7.507534186,85839.36709,195,87.41314031,116.1010669,1,49.9744293,405.9675487,Y,C,3,P,MN,520,3.130056085,FRM,479.0536785,1,N,1
R,WELLS FARGO BANK,6.624980877,8193.785478,195,80.93160518,111.229169,1,54.02602641,425.2823785,N,P,1,P,CA,209,3.774598846,FRM,418.9689673,1,N,1
R,WELLS FARGO BANK,7.373522435,292528.0208,195,87.72290964,114.3894288,1,57.67550405,439.167372,N,C,3,P,TN,518,3.881246538,FRM,354.5510893,1,N,1
C,STONEGATE MORTGAGE CORPORATION,6.737442762,59214.33659,195,81.36186004,111.0083305,1,45.75437933,397.7505117,N,P,1,P,CA,691,4.896837031,FRM,483.9322547,1,N,1
C,WELLS FARGO BANK,5.344903604,67131.70089,195,87.26939231,115.5102147,1,44.87019057,415.5623593,Y,C,1,P,ID,524,6.819449147,FRM,306.3611448,1,N,1
C,FRANKLIN AMERICAN MORTGAGE COMPANY,5.251896658,274632.8695,195,84.43873728,116.9888272,1,58.14824433,368.3328561,N,P,1,P,WY,504,7.617294002,FRM,417.4057725,1,N,1
R,WELLS FARGO BANK,7.92708608,9472.403049,195,80.93058563,88.79287331,1,59.8518961,346.1720146,Y,P,1,P,MN,106,1.822382818,FRM,419.5465537,1,N,1
R,FRANKLIN AMERICAN MORTGAGE COMPANY,5.302295402,273795.297,195,84.57632703,107.9882196,1,62.82723856,336.1801289,N,P,2,P,SD,292,9.776119088,FRM,456.9689982,1,N,1
C,WELLS FARGO BANK,5.916932447,281431.0327,195,80.08021278,104.396196,1,55.6316082,358.348034,N,P,1,P,DC,337,7.382835981,FRM,318.2211783,1,N,1
R,WELLS FARGO BANK,7.477073907,217016.2329,195,85.7238136,100.490345,1,58.28402863,360.6216445,N,P,1,P,MT,549,8.984930835,FRM,413.1814188,1,N,1
C,FRANKLIN AMERICAN MORTGAGE COMPANY,7.96789332,124131.9115,195,85.41144308,102.0414047,1,60.16270818,466.5080341,Y,C,2,P,PR,626,3.156017026,FRM,330.3225773,1,N,1
C,STONEGATE MORTGAGE CORPORATION,5.557394123,87604.68499,195,81.08956915,97.9518612,1,49.02205015,332.8483243,Y,P,3,P,VA,593,3.968716,FRM,355.4118529,1,N,1
R,STONEGATE MORTGAGE CORPORATION,5.300243298,139906.7171,195,83.52168414,108.7690775,1,57.28404984,359.4975341,Y,P,3,P,NE,224,3.101046148,FRM,331.5941826,1,N,1
C,WELLS FARGO BANK,6.23027398,174371.7431,195,83.93970266,97.20777775,1,51.10016247,307.5561182,Y,P,2,P,GU,717,1.221004042,FRM,496.3657036,1,N,1
C,FRANKLIN AMERICAN MORTGAGE COMPANY,7.424695786,107237.5135,195,83.62908066,96.04049511,1,57.60498175,451.6612683,Y,P,3,P,MI,727,6.620165462,FRM,397.7505117,1,N,1
R,WELLS FARGO BANK,6.80140549,219905.0778,195,88.16820441,91.51357316,1,54.65546103,495.9120747,Y,P,2,P,MI,207,1.511296739,FRM,476.8889462,1,N,1
C,WELLS FARGO BANK,7.087446393,203085.9243,195,80.46527507,91.78619195,1,57.28538213,366.2534833,N,P,1,P,HI,668,9.221001471,FRM,451.6225447,1,N,1
C,DITECH FINANCIAL LLC,7.866294497,120959.9006,195,87.11538496,117.8993016,1,52.52664602,304.13715,N,C,1,P,OR,547,6.572909572,FRM,383.2645317,1,N,1
R,DITECH FINANCIAL LLC,5.095751404,14939.09635,195,81.0931383,99.74895376,1,54.9399812,334.5306187,Y,P,4,P,NH,215,2.057632645,FRM,333.6386892,1,N,1
R,FRANKLIN AMERICAN MORTGAGE COMPANY,7.538806062,129172.9414,195,82.64478638,99.80207175,1,51.93525169,489.5275725,N,C,2,P,NC,512,8.509045552,FRM,455.869671,1,N,1
R,WELLS FARGO BANK,5.557507954,189329.8171,195,87.62165338,87.80734573,1,48.30662721,414.2502479,Y,P,2,P,AZ,755,5.373245169,FRM,415.2134337,1,N,1
C,"FLAGSTAR BANK, FSB",6.058807552,216917.9569,195,87.36038116,89.14104037,1,61.29316002,475.1519189,N,C,3,P,ND,609,8.449740114,FRM,479.2412202,1,N,1
R,FRANKLIN AMERICAN MORTGAGE COMPANY,6.283224975,151154.6324,195,87.22379804,95.2058918,1,55.03409752,405.9595775,Y,C,1,P,IA,605,4.807905273,FRM,309.4989,1,N,1
R,FRANKLIN AMERICAN MORTGAGE COMPANY,5.502035537,188065.3989,195,87.45589356,113.0515937,1,53.45924788,488.9258965,N,P,1,P,NM,227,7.293622925,FRM,491.1218104,1,N,1
C,STONEGATE MORTGAGE CORPORATION,6.193658465,122552.6504,195,83.41860897,94.11532391,1,56.49001405,398.0174438,Y,P,2,P,MN,395,5.495769695,FRM,439.0501173,1,N,1
C,FRANKLIN AMERICAN MORTGAGE COMPANY,6.35017113,251874.7618,195,82.09572914,95.39322062,1,60.95803392,341.8955482,N,P,1,P,GU,375,2.392434271,FRM,375.7292442,1,N,1
C,FRANKLIN AMERICAN MORTGAGE COMPANY,7.847118235,8590.387071,195,88.1631802,108.2410536,1,57.75357159,386.3400015,Y,P,2,P,IN,749,9.868614923,FRM,432.702679,1,N,1
R,FRANKLIN AMERICAN MORTGAGE COMPANY,7.989195526,113598.2187,195,81.43676178,110.0130209,1,58.91521621,432.7000292,Y,P,1,P,NH,325,6.006614482,FRM,415.843507,1,N,1
C,"FLAGSTAR BANK, FSB",7.490213302,283753.1158,195,84.13843711,92.89270403,1,54.68597914,460.7682006,Y,P,1,P,ID,457,8.715265457,FRM,333.6682364,1,N,1
C,WELLS FARGO BANK,6.158022665,55461.37498,195,88.18275329,116.0492483,1,57.18040409,480.2785441,Y,P,4,P,NV,36,3.557472431,FRM,301.4856756,1,N,1
C,FRANKLIN AMERICAN MORTGAGE COMPANY,7.045322614,163438.3988,195,87.89555735,87.85020629,1,49.26836071,429.5229272,N,P,2,P,MN,484,4.401188761,FRM,359.0072261,1,N,1
C,FRANKLIN AMERICAN MORTGAGE COMPANY,7.1238053,224408.5371,195,81.4035934,113.4648173,1,45.60773185,420.9399476,Y,P,4,P,DE,270,6.815345782,FRM,455.0758895,1,N,1
C,STONEGATE MORTGAGE CORPORATION,7.227571336,1331.891785,195,87.63492459,109.967364,1,44.28331336,404.0121918,Y,P,1,P,ND,406,7.530381927,FRM,317.6698554,1,N,1
C,WELLS FARGO BANK,5.688355207,21293.56464,195,83.61491122,119.1832466,1,54.91367339,312.2767368,Y,P,1,P,RI,373,7.191266027,FRM,393.7702454,1,N,1
R,FRANKLIN AMERICAN MORTGAGE COMPANY,5.30809174,273983.2263,195,81.22530133,93.14620554,1,55.15582487,386.0721983,N,C,1,P,NY,529,9.618267369,FRM,411.7245231,1,N,1
R,WELLS FARGO BANK,5.880028787,74950.30354,195,87.35220027,94.81563183,1,47.06149861,313.625862,Y,C,1,P,KY,527,7.472012304,FRM,481.8404858,1,N,1
C,STONEGATE MORTGAGE CORPORATION,7.023539249,45278.20781,195,87.41117469,110.8535881,1,53.39209134,421.9645148,N,P,1,P,ND,711,6.302189786,FRM,338.1825876,1,N,1
R,"FLAGSTAR BANK, FSB",5.924598748,156769.7018,195,80.38993393,93.1128345,1,62.86329312,407.5543564,N,P,1,P,AZ,180,8.595681459,FRM,306.2981998,1,N,1
C,WELLS FARGO BANK,5.658087109,174602.0264,195,84.14916745,115.947392,1,60.5507726,493.0219199,N,P,4,P,DC,239,8.732413854,FRM,383.0083089,1,N,1
C,FRANKLIN AMERICAN MORTGAGE COMPANY,6.628468462,40522.34014,195,88.10945231,100.4282654,1,60.53692439,375.7379978,N,P,2,P,DC,188,4.849943097,FRM,391.4371281,1,N,1
C,FRANKLIN AMERICAN MORTGAGE COMPANY,6.569015596,165365.4448,195,80.65692295,90.91972732,1,48.29545747,327.4559372,Y,P,2,P,NJ,563,4.072209066,FRM,492.6709684,1,N,1
C,FRANKLIN AMERICAN MORTGAGE COMPANY,5.100852533,265809.6093,195,87.85247184,90.32389847,1,49.44072658,344.5471654,Y,P,1,P,VI,86,9.201772478,FRM,357.8670549,1,N,1
C,WELLS FARGO BANK,7.409027538,178081.5113,195,80.77378218,97.91238615,1,47.35979591,418.8575728,N,P,1,P,KY,71,6.960784108,FRM,328.631227,1,N,1
R,FRANKLIN AMERICAN MORTGAGE COMPANY,7.051085548,79164.67927,195,86.62271952,90.80954599,1,55.76003992,391.109692,Y,C,1,P,CA,165,5.505256573,FRM,450.5285101,1,N,1
C,FRANKLIN AMERICAN MORTGAGE COMPANY,7.301407018,4569.630413,195,86.55481379,115.4399174,1,47.84179029,400.3904505,Y,P,2,P,ND,219,1.71195217,FRM,374.7918611,1,N,1
C,DITECH FINANCIAL LLC,6.365031699,277071.527,195,87.64278961,87.94980398,1,50.68163174,358.974752,N,P,3,P,TX,621,2.742835651,FRM,390.7653144,1,N,1
C,FRANKLIN AMERICAN MORTGAGE COMPANY,7.237986264,221846.9048,195,81.7421003,106.5040063,1,49.95430381,411.0474032,N,P,2,P,CA,654,6.995858136,FRM,457.3332857,1,N,1
C,STONEGATE MORTGAGE CORPORATION,7.620329517,190088.9154,195,86.38153497,85.08655298,1,56.66794243,349.7679935,N,C,4,P,KY,665,6.873099726,FRM,368.3541928,1,N,1
R,WELLS FARGO BANK,7.457329866,134617.9071,195,84.86121207,92.97581765,1,56.26365121,413.4796449,Y,P,2,P,MA,391,3.927522124,FRM,317.1316546,1,N,1
R,WELLS FARGO BANK,5.701470702,173710.6291,195,87.51057155,118.3388948,1,53.2568199,455.0758895,Y,C,1,P,MN,639,7.172958745,FRM,321.5634034,1,N,1
C,FRANKLIN AMERICAN MORTGAGE COMPANY,7.435181585,104732.3068,195,82.76680981,92.73006298,1,56.02506284,429.5680825,Y,C,3,P,AR,255,2.518800503,FRM,472.1901955,1,N,1
C,STONEGATE MORTGAGE CORPORATION,5.525567777,229446.6371,195,83.99649567,95.57034558,1,62.07257868,334.4169155,Y,P,1,P,GU,402,4.348755191,FRM,399.8265642,1,N,1
R,FRANKLIN AMERICAN MORTGAGE COMPANY,6.41242949,31110.37782,195,88.45674876,109.5676432,1,62.70668179,376.5391962,Y,P,2,P,MO,130,2.149989874,FRM,329.8439907,1,N,1
C,STONEGATE MORTGAGE CORPORATION,6.832705672,2582.932875,195,85.08414723,103.9768177,1,48.01617611,329.3104582,Y,P,2,P,PR,641,1.928396011,FRM,340.8130423,1,N,1
R,WELLS FARGO BANK,6.069518045,190801.8376,195,81.71522085,118.3417138,1,59.68871084,352.2185521,N,P,3,P,NH,467,2.948217074,FRM,484.6258645,1,N,1
C,WELLS FARGO BANK,5.278629249,109293.4313,195,82.45537375,86.57230697,1,52.98288589,455.869671,N,C,2,P,DC,656,7.659933187,FRM,324.2334728,1,N,1
C,WELLS FARGO BANK,7.17219038,587.6949642,195,82.36727725,117.4932149,1,62.93572031,463.6616026,Y,P,3,P,ME,365,1.097328588,FRM,444.6698352,1,N,1
C,WELLS FARGO BANK,5.580137175,14751.37101,195,81.22516786,92.37620075,1,57.57269279,300.3214657,Y,P,1,P,MS,547,9.642506058,FRM,470.8272149,1,N,1
C,WELLS FARGO BANK,6.849763877,277450.7325,195,82.60632026,96.50107045,1,51.24824668,329.8439907,N,C,1,P,MT,307,9.045170664,FRM,324.3206674,1,N,1
R,WELLS FARGO BANK,7.783419023,104388.2027,195,84.8423961,90.99169674,1,60.03448337,481.3086266,Y,P,1,P,NC,369,5.226785782,FRM,398.2586333,1,N,1
C,FRANKLIN AMERICAN MORTGAGE COMPANY,6.352440839,1618.798649,195,84.77272029,87.98240624,1,59.69626459,491.3482724,Y,P,1,P,AR,682,3.59991448,FRM,350.613582,1,N,1
C,"FLAGSTAR BANK, FSB",7.194660679,179537.3115,195,81.78512258,95.3792904,1,55.88131586,352.3370087,N,P,2,P,SC,54,6.963284842,FRM,380.3914059,1,N,1
C,WELLS FARGO BANK,6.88742781,149207.4333,195,83.33680816,102.8987816,1,51.18591417,362.9470128,N,P,1,P,GU,187,5.583449152,FRM,411.7904593,1,N,1
R,FRANKLIN AMERICAN MORTGAGE COMPANY,7.998568424,10210.56661,195,86.39515507,93.4367335,1,58.75856157,398.7433764,N,C,3,P,NC,362,2.883649404,FRM,480.8612277,1,N,1
C,FRANKLIN AMERICAN MORTGAGE COMPANY,7.395711515,199816.8666,195,81.47527814,110.5122611,1,62.71461793,489.688492,N,C,2,P,AZ,687,5.156697678,FRM,487.0042546,1,N,1
R,FRANKLIN AMERICAN MORTGAGE COMPANY,5.909237284,138885.0515,195,87.11532441,113.3250022,1,50.3121317,485.1981892,N,P,2,P,SD,568,9.757748947,FRM,460.5952887,1,N,1
R,FRANKLIN AMERICAN MORTGAGE COMPANY,5.722466961,96917.90776,195,85.45584628,110.9423443,1,60.33329446,434.6075143,Y,P,2,P,GU,274,3.073231762,FRM,458.31562,1,N,1
R,WELLS FARGO BANK,5.956326946,239557.7007,195,80.9753309,118.7625831,1,49.66889473,482.5997233,Y,C,1,P,IA,352,6.605059289,FRM,327.490953,1,N,1
R,WELLS FARGO BANK,6.917109065,228653.702,195,85.44115087,88.49125443,1,45.80537201,336.8988191,N,P,3,P,IL,701,5.767625161,FRM,446.0424984,1,N,1
C,WELLS FARGO BANK,7.957848388,133185.3679,195,82.69081275,114.4777727,1,54.92871298,465.6518498,N,C,2,P,MT,571,3.037300743,FRM,396.6234026,1,N,1
C,WELLS FARGO BANK,5.777242891,282653.8573,195,87.90856404,118.1413386,1,46.03672045,437.119014,Y,P,1,P,MI,237,1.646849932,FRM,337.5179242,1,N,1
R,WELLS FARGO BANK,6.754752157,270121.207,195,83.47428663,102.1214672,1,58.79937134,330.5932628,N,C,1,P,NY,806,7.493673379,FRM,421.3572695,1,N,1
R,WELLS FARGO BANK,6.86950568,54286.01079,195,87.38725667,114.6530179,1,63.3293032,358.5526917,N,P,2,P,NY,751,7.329376075,FRM,386.3210137,1,N,1
C,WELLS FARGO BANK,5.119489313,104029.3515,195,84.49102502,100.592163,1,61.94246399,407.4121679,N,P,3,P,WI,501,2.18921741,FRM,441.1825142,1,N,1
R,DITECH FINANCIAL LLC,7.9160796,172456.2975,195,83.35906927,99.45856762,1,50.62523614,409.0937415,N,C,2,P,AR,383,6.170071591,FRM,429.5680825,1,N,1
R,WELLS FARGO BANK,6.299329128,257267.5949,195,81.76077291,86.2689614,1,55.5212342,322.5428392,Y,C,3,P,CA,654,5.205651669,FRM,329.6795161,1,N,1
C,WELLS FARGO BANK,5.759226517,29201.3278,195,87.27813858,88.47296281,1,51.25599814,475.2583172,Y,P,3,P,ND,6,8.576137666,FRM,458.7843982,1,N,1
C,WELLS FARGO BANK,6.039788426,12702.2273,195,88.05918886,100.4642621,1,63.05040859,419.5465537,N,P,2,P,DE,359,4.087865749,FRM,325.1062096,1,N,1
R,DITECH FINANCIAL LLC,5.388258054,135477.5934,195,85.68708629,98.04414259,1,59.93772546,331.5941826,Y,P,3,P,ND,294,7.502602358,FRM,473.727917,1,N,1
C,WELLS FARGO BANK,7.951147589,68363.82338,195,87.90931418,109.3852969,1,49.35633064,350.5949627,Y,P,2,P,NV,483,3.80248123,FRM,351.9015371,1,N,1
C,WELLS FARGO BANK,6.427522464,144209.1687,195,82.39132619,109.5600897,1,47.88836907,405.5288194,N,P,2,P,OR,432,6.233065453,FRM,454.0742226,1,N,1
R,FRANKLIN AMERICAN MORTGAGE COMPANY,5.849669842,203238.4128,195,83.15702132,107.6579544,1,63.57803953,374.7604217,N,C,1,P,GA,376,2.213621092,FRM,392.2269192,1,N,1
C,WELLS FARGO BANK,6.585600302,202874.6819,195,83.87313065,89.84879957,1,60.81069422,415.843507,N,P,4,P,ND,386,2.875248835,FRM,331.4207778,1,N,1
C,STONEGATE MORTGAGE CORPORATION,7.93357565,242492.8557,195,87.18181266,111.6124501,1,48.53553838,397.2333308,N,P,1,P,PA,301,8.943005762,FRM,454.0994159,1,N,1
R,FRANKLIN AMERICAN MORTGAGE COMPANY,5.196141694,101678.2193,195,83.72647808,88.46611277,1,57.43476238,493.9198856,Y,P,1,P,ND,678,2.320845366,FRM,490.683632,1,N,1
R,WELLS FARGO BANK,5.7698828,173563.7216,195,86.43699012,114.3721534,1,45.74806287,461.7690435,N,P,2,P,IN,72,8.077039294,FRM,438.5268399,1,N,1
R,WELLS FARGO BANK,5.729591443,229952.4577,195,85.2282573,100.3250479,1,63.96612364,415.2134337,N,P,1,P,DC,508,6.444705416,FRM,350.5949627,1,N,1
C,WELLS FARGO BANK,5.392613495,248128.2015,195,84.82793635,85.2741449,1,49.28023448,499.8046728,Y,P,4,P,KY,499,9.673799763,FRM,457.2603889,1,N,1
R,STONEGATE MORTGAGE CORPORATION,6.451013244,262849.6492,195,88.17411761,93.84162614,1,57.66027705,316.6450312,N,P,4,P,NY,320,9.405445304,FRM,355.75456,1,N,1
C,WELLS FARGO BANK,5.795125462,26721.14225,195,82.24354698,108.9596443,1,54.91975477,325.4851462,N,C,3,P,AL,274,6.869186498,FRM,473.3688551,1,N,1
R,"FLAGSTAR BANK, FSB",6.744580003,141206.9514,195,86.92319007,116.9123563,1,59.09350157,357.9095089,Y,P,1,P,IL,340,9.36285484,FRM,390.7429624,1,N,1
C,WELLS FARGO BANK,7.175199061,275036.6314,195,87.9099959,105.6806227,1,60.508866,474.6926584,Y,P,2,P,MI,444,2.939677261,FRM,445.8809647,1,N,1
C,WELLS FARGO BANK,7.125307904,78844.35467,195,80.86694607,87.29775737,1,63.11178,413.6693646,N,P,1,P,FL,173,7.727589801,FRM,314.1540305,1,N,1
R,WELLS FARGO BANK,6.087733991,217055.7799,195,84.4250707,106.6481931,1,59.76046109,301.4856756,N,P,2,P,GU,671,2.596052672,FRM,317.8175439,1,N,1
C,FRANKLIN AMERICAN MORTGAGE COMPANY,5.671686731,156524.94,195,85.14340906,85.79174595,1,49.55427055,391.852048,Y,P,2,P,IL,483,9.759287523,FRM,310.2504585,1,N,1
R,WELLS FARGO BANK,5.235049322,24667.3709,195,83.26285571,102.5837595,1,58.60093595,411.7791315,N,P,1,P,FL,550,7.606757996,FRM,497.7626548,1,Y,1
R,WELLS FARGO BANK,6.975532135,162473.8468,195,80.23900838,116.3609977,1,57.1182427,359.8795851,Y,P,1,P,NY,212,9.179040156,FRM,452.5257571,1,N,1
C,"FLAGSTAR BANK, FSB",7.228236324,152662.7607,195,87.55931832,103.8061375,1,45.55298624,396.1098413,Y,P,4,P,WI,147,2.714331675,FRM,463.4845079,1,N,1
C,WELLS FARGO BANK,7.493004058,154003.5658,195,87.72820615,102.2350128,1,49.85168979,311.2961388,Y,C,1,P,MI,439,5.529712891,FRM,434.6075143,1,N,1
C,FRANKLIN AMERICAN MORTGAGE COMPANY,5.751874021,229771.1095,195,80.06346219,111.3899727,1,48.80017473,379.5014099,Y,P,3,P,AR,632,5.743537094,FRM,467.12546,1,N,1
C,FRANKLIN AMERICAN MORTGAGE COMPANY,5.925918811,46725.12524,195,80.16602236,112.7561823,1,63.47678419,368.3541928,Y,P,1,P,SD,360,4.267976641,FRM,440.2806349,1,N,1
R,FRANKLIN AMERICAN MORTGAGE COMPANY,5.999314913,189048.9268,195,87.87086369,109.3810646,1,49.01354866,360.1819661,Y,P,1,P,UT,42,6.307773618,FRM,414.593547,1,N,1
C,WELLS FARGO BANK,7.471095441,112851.5947,195,82.69876126,91.67555873,1,43.49989998,380.1983994,Y,P,1,P,PR,312,3.590666193,FRM,357.6830968,1,N,1
R,STONEGATE MORTGAGE CORPORATION,6.979198778,226183.146,195,82.41964536,113.6109186,1,49.57946437,480.3141426,Y,P,1,P,NY,292,3.064726349,FRM,384.886607,1,N,1
R,FRANKLIN AMERICAN MORTGAGE COMPANY,5.319809498,17841.3314,195,87.94567485,101.5015877,1,59.12111541,346.6505175,N,P,3,P,PR,430,3.012581038,FRM,348.2778233,1,N,1
R,WELLS FARGO BANK,5.896402159,120890.8146,195,87.2945548,95.0530121,1,59.39708317,314.1540305,Y,P,2,P,PR,565,8.176439992,FRM,380.2973085,1,N,1
R,FRANKLIN AMERICAN MORTGAGE COMPANY,6.363965414,263886.5156,195,84.70686625,115.6508899,1,62.76676817,458.31562,Y,P,2,P,RI,634,3.807104061,FRM,345.3542099,1,N,1
R,DITECH FINANCIAL LLC,7.698030299,227794.6922,195,88.27326913,119.5277261,1,52.68447061,472.5940311,N,P,2,P,ND,243,1.270147457,FRM,419.0241857,1,Y,1
C,WELLS FARGO BANK,5.806825499,156539.8625,195,87.02805136,94.35783921,1,51.85091893,448.8957804,Y,P,1,P,PR,208,9.45638225,FRM,363.7024726,1,N,1
C,FRANKLIN AMERICAN MORTGAGE COMPANY,5.110945493,274030.1535,195,86.09408971,113.0113744,1,58.57039907,406.5415465,Y,P,1,P,IN,810,8.391114994,FRM,479.9418866,1,N,1
R,FRANKLIN AMERICAN MORTGAGE COMPANY,6.154490025,60544.01638,195,88.32087316,94.86958028,1,43.53649423,324.3222334,Y,C,2,P,ND,13,6.453232441,FRM,319.0437199,1,N,1
R,FRANKLIN AMERICAN MORTGAGE COMPANY,5.845511036,259033.0532,195,88.32613916,110.2464503,1,59.16744241,321.8037419,N,C,2,P,IL,698,8.561625812,FRM,304.7118814,1,N,1
R,FRANKLIN AMERICAN MORTGAGE COMPANY,7.700574579,22963.2537,195,87.53557263,102.024326,1,63.5978654,434.7948608,Y,C,3,P,ID,624,5.364243929,FRM,306.4226986,1,N,1
C,FRANKLIN AMERICAN MORTGAGE COMPANY,7.030112814,286709.424,195,80.82143658,113.7318111,1,49.81725003,427.8432987,Y,P,1,P,AR,218,9.397981706,FRM,313.3928818,1,N,1
R,WELLS FARGO BANK,7.216706428,112568.3831,195,83.60131067,99.85134239,1,46.69601969,404.0954393,N,P,1,P,VI,508,2.793378391,FRM,395.2157936,1,N,1
C,WELLS FARGO BANK,6.651485842,239526.5686,195,82.74467583,91.37329217,1,44.71812604,355.5882277,Y,P,1,P,GA,703,6.274232436,FRM,307.3553668,1,N,1
